basin_name,location,sub_regime_group,pet_sys_status
Faroe - Shetland Escarpment,Offshore,Divergent Basin,Discoveries
Porcupine,Offshore,Divergent Basin,Discoveries
North Lewis,Offshore,Divergent Basin,
South Celtic Sea,Offshore,Divergent Basin,
Blake Plateau Ultradeep,Offshore,Divergent Basin,
Doukkala Ultradeep,Offshore,Divergent Basin,
Central Trough,Offshore,Divergent Basin,
Andaman Sea,Offshore,Convergent (Ocean-Continent) Basin,
Great South,Offshore,Divergent Basin,Discoveries
South Falkland,Offshore,Convergent (Ocean-Continent) Basin,Discoveries
Raukumara Offshore,Offshore,Convergent (Ocean-Ocean) Basin,Unproven
Canaries,Offshore,Divergent Basin,
Ogasawa,Offshore,Convergent (Ocean-Ocean) Basin,
Mozambique Channel Ultradeep,Offshore,Divergent Basin,
Rio Muni Ultradeep,Offshore,Divergent Basin,
Sergipe - Alagoas Ultradeep,Offshore,Divergent Basin,
Tukang Besi,Offshore,Convergent (Ocean-Continent) Basin,
Northern North Sea,Offshore,Divergent Basin,Producing fields
Aaiun - Tarfaya Ultradeep,Offshore,Divergent Basin,
Douala Ultradeep,Offshore,Divergent Basin,
Armorican,Offshore,Divergent Basin,
Voring,Offshore,Divergent Basin,Producing fields
Jeanne d' Arc,Offshore,Divergent Basin,Producing fields
Flannan - Lewis,Offshore,Divergent Basin,Discoveries
Tomori,Offshore,Divergent Basin,Producing fields
Whale,Offshore,Divergent Basin,Unproven
Orphan,Offshore,Divergent Basin,Unproven
Salar Ultradeep,Offshore,Divergent Basin,
Dangerous Grounds,Offshore,Divergent Basin,Unknown
Sulu Sea,Offshore,Convergent (Continent-Continent) Basin,Absent
Cyprus,Offshore,Convergent (Continent-Continent) Basin,Unproven
Eratosthenes Platform,Offshore,Convergent (Continent-Continent) Basin,Discoveries
Scotian Shelf,Offshore,Divergent Basin,Producing fields
East China Sea,Offshore,Divergent Basin,Producing fields
Qiongdongnan,Offshore,Divergent Basin,Producing fields
Xisha,Offshore,Divergent Basin,Unknown
Zhongsha Plateau,Offshore,Divergent Basin,Unknown
Navarin,Offshore,Wrench Basin,Unproven
South Sea of Okhotsk,Offshore,Convergent (Ocean-Continent) Basin,Unknown
Browse,Offshore,Divergent Basin,Producing fields
North Kara Sea,Offshore,Divergent Basin,Unknown
Bonaire,Offshore,Convergent (Ocean-Continent) Basin,Unproven
Cariaco,Offshore,Convergent (Ocean-Continent) Basin,Discoveries
Los Roques,Offshore,Convergent (Ocean-Continent) Basin,Unproven
West Florida,Offshore,Divergent Basin,Unknown
Peel,Offshore,Divergent Basin,
Ringkobing-Fyn High,Offshore,Divergent Basin,Minor shows in wells
Flannan Trough,Offshore,Divergent Basin,
Algerian Sea,Offshore,Convergent (Continent-Continent) Basin,
Alboran Sea,Offshore,Convergent (Continent-Continent) Basin,
Komandorsky,Offshore,Convergent (Ocean-Ocean) Basin,
Deepwater Taranaki,Offshore,Divergent Basin,Unproven
Townsville,Offshore,Divergent Basin,Unknown
Lord Howe Rise,Offshore,Divergent Basin,Unknown
Para - Maranhao,Offshore,Divergent Basin,Discoveries
Malay,Offshore,Divergent Basin,Producing fields
Phu Khanh,Offshore,Divergent Basin,Discoveries
Saya De Malha Bank,Offshore,Divergent Basin,Unproven
Great Australian Bight,Offshore,Divergent Basin,Minor shows in wells
New Caledonia,Offshore,Divergent Basin,Significant shows
Mollendo,Offshore,Convergent (Ocean-Continent) Basin,Unproven
Pukaki,Offshore,Divergent Basin,Unproven
Brisbane,Offshore,Divergent Basin,Unknown
Cupica,Offshore,Convergent (Ocean-Continent) Basin,Unknown
Panama - Costa Rica,Offshore,Convergent (Ocean-Ocean) Basin,Unproven
Sorell,Offshore,Divergent Basin,Minor shows in wells
Bremer,Offshore,Divergent Basin,Unknown
Queensland,Offshore,Divergent Basin,Unknown
East Tasman Plateau,Offshore,Divergent Basin,Unproven
Kenn Plateau,Offshore,Divergent Basin,Unproven
Rockall Trough,Offshore,Divergent Basin,Discoveries
Slyne - Erris,Offshore,Divergent Basin,Discoveries
Columbus,Offshore,Convergent (Ocean-Continent) Basin,Producing fields
Grenada,Offshore,Convergent (Ocean-Ocean) Basin,Unproven
Salabanga Manui,Offshore,Divergent Basin,Unknown
Falkland Plateau,Offshore,Divergent Basin,Discoveries
Punta Del Este,Offshore,Divergent Basin,Unknown
Malvinas,Offshore,Convergent (Ocean-Continent) Basin,Discoveries
Labrador Shelf,Offshore,Divergent Basin,Discoveries
South Caribbean Deformation Belt Ultradeep,Offshore,Convergent (Ocean-Continent) Basin,
Nam Con Son,Offshore,Divergent Basin,Producing fields
West Natuna - Penyu,Offshore,Divergent Basin,Producing fields
Biliton,Offshore,Convergent (Ocean-Continent) Basin,Unproven
Lamu Embayment Ultradeep,Offshore,Divergent Basin,
Offshore Indus Ultradeep,Offshore,Divergent Basin,
Indian Ocean Abyssal,Offshore,Divergent Basin,
Kachchh - Mumbai Ultradeep,Offshore,Divergent Basin,
Mumbai - Konkan Ultradeep,Offshore,Divergent Basin,
Mannar Ultradeep,Offshore,Divergent Basin,
Outer Bengal Fan,Offshore,Divergent Basin,
Northeast Sea of Okhotsk,Offshore,Convergent (Ocean-Continent) Basin,Unproven
Northwest Sea of Okhotsk,Offshore,Convergent (Ocean-Continent) Basin,Unknown
North Chukchi,Offshore,Divergent Basin,Unknown
Nazareth Bank,Offshore,Divergent Basin,Unproven
Fiordland,Offshore,Convergent (Ocean-Continent) Basin,Unknown
Bellona,Offshore,Convergent (Ocean-Continent) Basin,Unknown
Kwanza Ultradeep,Offshore,Divergent Basin,
Leeward Ultradeep,Offshore,Convergent (Ocean-Ocean) Basin,
Liberia Ultradeep,Offshore,Divergent Basin,
Majunga Ultradeep,Offshore,Divergent Basin,
Niger Fan Ultradeep,Offshore,Divergent Basin,
Orange Fan Ultradeep,Offshore,Divergent Basin,
Pelotas Ultradeep,Offshore,Divergent Basin,
Punta del Este Ultradeep,Offshore,Divergent Basin,
Rawson Ultradeep,Offshore,Divergent Basin,
Rovuma Ultradeep,Offshore,Divergent Basin,
Salado Ultradeep,Offshore,Divergent Basin,
Santa Catarina Ultradeep,Offshore,Divergent Basin,
Santos Ultradeep,Offshore,Divergent Basin,
Senegal - Bove Ultradeep,Offshore,Divergent Basin,
Colombia Ultradeep,Offshore,Convergent (Ocean-Continent) Basin,
Tanzanian Coastal Ultradeep,Offshore,Divergent Basin,
North Haiti Offshore,Offshore,Wrench Basin,
Los Cayos,Offshore,Wrench Basin,Unproven
Auckland - Campbell,Offshore,Divergent Basin,Unproven
Khmer,Offshore,Divergent Basin,Discoveries
Rawson,Offshore,Divergent Basin,Unproven
San Julian,Offshore,Divergent Basin,Unknown
North Falkland,Offshore,Divergent Basin,Discoveries
West Orkney,Offshore,Divergent Basin,
Tagus Abyssal Plain,Offshore,Divergent Basin,
Southeast Rockall,Offshore,Divergent Basin,
Fastnet,Offshore,Divergent Basin,
Hatton Bank,Offshore,Divergent Basin,
Munken,Offshore,Divergent Basin,
Western Approaches,Offshore,Divergent Basin,
Shackleton,Offshore,Divergent Basin,
Cockburn,Offshore,Divergent Basin,
Spanish Trough,Offshore,Divergent Basin,
Central Graben,Offshore,Divergent Basin,Producing fields
Mid North Sea High,Offshore,Divergent Basin,Unproven
Saba Bank,Offshore,Convergent (Ocean-Ocean) Basin,Unproven
Argentine Abyssal,Offshore,Divergent Basin,
Bahia Norte Ultradeep,Offshore,Divergent Basin,
Bahia Sul Ultradeep,Offshore,Divergent Basin,
Baltimore Canyon Ultradeep,Offshore,Divergent Basin,
Barreirinhas Ultradeep,Offshore,Divergent Basin,
Carolina Trough Ultradeep,Offshore,Divergent Basin,
Colorado Ultradeep,Offshore,Divergent Basin,
Congo Fan Ultradeep,Offshore,Divergent Basin,
Cote d'Ivoire Ultradeep,Offshore,Divergent Basin,
Espirito Santo Ultradeep,Offshore,Divergent Basin,
Foz do Amazonas Ultradeep,Offshore,Divergent Basin,
Gabon Ultradeep,Offshore,Divergent Basin,
Georges Bank Ultradeep,Offshore,Divergent Basin,
Guyana Ultradeep,Offshore,Divergent Basin,
Shuangfeng,Offshore,Divergent Basin,
Flores,Offshore,Convergent (Ocean-Continent) Basin,Unknown
Savu,Offshore,Convergent (Ocean-Ocean) Basin,Unknown
Gorontalo,Offshore,Convergent (Ocean-Continent) Basin,Unknown
St. Matthew,Offshore,Divergent Basin,
Canal,Offshore,Convergent (Ocean-Ocean) Basin,Unknown
Winona,Offshore,Convergent (Ocean-Continent) Basin,
Tyee,Offshore,Convergent (Ocean-Continent) Basin,
Bijia,Offshore,Divergent Basin,
Tokara,Offshore,Convergent (Ocean-Ocean) Basin,
More,Offshore,Divergent Basin,Producing fields
West Shetland,Offshore,Divergent Basin,Producing fields
Nendo,Offshore,Convergent (Ocean-Ocean) Basin,
Capricorn,Offshore,Divergent Basin,Unproven
Arseniev,Onshore,Convergent (Ocean-Continent) Basin,
Amadeus,Onshore,Divergent Basin,Producing fields
Xingu,Onshore,Divergent Basin,Unproven
Volta,Onshore,Divergent Basin,Minor shows in wells
Greater Khorat,Onshore,Divergent Basin,Producing fields
Kohat - Potwar Foldbelt,Onshore,Convergent (Continent-Continent) Basin,Producing fields
Narmada,Onshore,Divergent Basin,Unproven
Palmyride Foldbelt,Onshore,Convergent (Continent-Continent) Basin,Producing fields
Sulaiman Foldbelt,Onshore,Convergent (Continent-Continent) Basin,Producing fields
Benue Trough,Onshore,Divergent Basin,Discoveries
Central African Rift,Onshore,Divergent Basin,Producing fields
Muglad - Sudd Rift,Onshore,Divergent Basin,Producing fields
Molasse,Onshore,Convergent (Continent-Continent) Basin,
Central European,Onshore,Divergent Basin,Producing fields
Rhine Graben,Onshore,Divergent Basin,
Puna,Onshore,Convergent (Ocean-Continent) Basin,Unknown
Lanping - Simao,Onshore,Wrench Basin,
Umatilla,Onshore,Divergent Basin,
Dalhart,Onshore,Convergent (Continent-Continent) Basin,
Zaire,Onshore,Divergent Basin,Hydrocarbon seeps
Tucano,Onshore,Divergent Basin,Discoveries
Val Verde,Onshore,Convergent (Continent-Continent) Basin,
Forest City,Onshore,Divergent Basin,
Darling,Onshore,Divergent Basin,Unproven
Powder River,Onshore,Convergent (Ocean-Continent) Basin,
Xiangyin,Onshore,Divergent Basin,
Wind River,Onshore,Convergent (Ocean-Continent) Basin,
Washakie,Onshore,Convergent (Ocean-Continent) Basin,
Bear Lake,Onshore,Convergent (Ocean-Continent) Basin,
Angola Interior,Onshore,Divergent Basin,Minor shows in wells
Bechar,Onshore,Divergent Basin,Unproven
Murzuq,Onshore,Divergent Basin,Producing fields
Sahara,Onshore,Convergent (Continent-Continent) Basin,Producing fields
Balkhash - Alakol,Onshore,Convergent (Continent-Continent) Basin,Unknown
Sepik - Ramu,Onshore,Convergent (Ocean-Continent) Basin,Unproven
Illinois,Onshore,Divergent Basin,
Macachin,Onshore,Divergent Basin,Unproven
Snake River,Onshore,Divergent Basin,
Minchumina,Onshore,Convergent (Ocean-Continent) Basin,
Denver,Onshore,Convergent (Ocean-Continent) Basin,
Eromanga,Onshore,Divergent Basin,Producing fields
South Texas Salt Dome,Onshore,Divergent Basin,
Western Overthrust,Onshore,Convergent (Ocean-Continent) Basin,
San Juan,Onshore,Convergent (Ocean-Continent) Basin,
Jatoba,Onshore,Divergent Basin,Unproven
Catlow,Onshore,Divergent Basin,
Maoming,Onshore,Divergent Basin,
Kechika,Onshore,Convergent (Ocean-Continent) Basin,
Black Mesa,Onshore,Convergent (Ocean-Continent) Basin,
Copper River,Onshore,Convergent (Ocean-Continent) Basin,
Luangwa Rift,Onshore,Divergent Basin,Unproven
Changtao,Onshore,Divergent Basin,
Albert - Edward Rift,Onshore,Divergent Basin,Discoveries
Atbara Rift,Onshore,Divergent Basin,Unknown
Liard,Onshore,Convergent (Ocean-Continent) Basin,
Ngalia,Onshore,Convergent (Continent-Continent) Basin,Significant shows
Uinta,Onshore,Convergent (Ocean-Continent) Basin,
Indigirka - Zyryanka - Momo,Onshore,Divergent Basin,
Orogrande,Onshore,Convergent (Ocean-Continent) Basin,
Satpura,Onshore,Divergent Basin,
Salina,Onshore,Divergent Basin,
Araripe,Onshore,Divergent Basin,Unproven
Kerr,Onshore,Convergent (Continent-Continent) Basin,
North Park,Onshore,Convergent (Ocean-Continent) Basin,
Great Basin and Range,Onshore,Divergent Basin,
Harney,Onshore,Divergent Basin,
Chad,Onshore,Divergent Basin,Unknown
Bowen - Surat,Onshore,Divergent Basin,Producing fields
Mackenzie Plains - Root,Onshore,Convergent (Ocean-Continent) Basin,
South Park,Onshore,Convergent (Ocean-Continent) Basin,
Big Horn,Onshore,Convergent (Ocean-Continent) Basin,
Laramie - Hanna - Shirley,Onshore,Convergent (Ocean-Continent) Basin,
Fort Worth,Onshore,Convergent (Continent-Continent) Basin,
Tucumcari,Onshore,Convergent (Ocean-Continent) Basin,
Bose,Onshore,Divergent Basin,
Tanganyika Rift,Onshore,Divergent Basin,Unproven
Taubate,Onshore,Divergent Basin,Unknown
Kivu Rift,Onshore,Divergent Basin,Unknown
Chuxiong,Onshore,Wrench Basin,
Hardeman,Onshore,Convergent (Continent-Continent) Basin,
Kaiporowits,Onshore,Convergent (Ocean-Continent) Basin,
Paradox,Onshore,Convergent (Ocean-Continent) Basin,
Bowser,Onshore,Convergent (Ocean-Continent) Basin,
Aurora Subglacial,Onshore,Divergent Basin,
Volga - Urals,Onshore,Convergent (Continent-Continent) Basin,
Black Warrior,Onshore,Convergent (Continent-Continent) Basin,
North Louisiana Salt,Onshore,Divergent Basin,
Ardmore - Marieta,Onshore,Convergent (Continent-Continent) Basin,
San Joaquin,Onshore,Convergent (Ocean-Continent) Basin,
Eyasi - Wembere - South Gregory Rift,Onshore,Divergent Basin,Unknown
Lake Superior,Onshore,Divergent Basin,
East Texas Salt,Onshore,Divergent Basin,
Aldan High,Onshore,Wrench Basin,Minor shows in wells
Anabar - Olenek High,Onshore,Divergent Basin,Minor shows in wells
Baykit High,Onshore,Divergent Basin,Producing fields
Tunguska,Onshore,Divergent Basin,Discoveries
Yenisey/Bor Sub-basin - West Siberia,Onshore,Divergent Basin,Minor shows in wells
Qaidam,Onshore,Convergent (Continent-Continent) Basin,Producing fields
Songliao,Onshore,Convergent (Ocean-Continent) Basin,Producing fields
Minhe,Onshore,Convergent (Continent-Continent) Basin,Producing fields
Hexi,Onshore,Convergent (Continent-Continent) Basin,Producing fields
Ordos,Onshore,Wrench Basin,Producing fields
Jianghan,Onshore,Convergent (Ocean-Continent) Basin,Producing fields
Nanxiang,Onshore,Convergent (Ocean-Continent) Basin,Producing fields
Yitong,Onshore,Convergent (Ocean-Continent) Basin,Producing fields
Upper Bureya,Onshore,Convergent (Ocean-Continent) Basin,Discoveries
Shanxi,Onshore,Wrench Basin,Discoveries
Hailar,Onshore,Wrench Basin,Producing fields
Sabinas,Onshore,Divergent Basin,Producing fields
Sab'atayn,Onshore,Divergent Basin,Producing fields
Say'un - Al Masila,Onshore,Divergent Basin,Producing fields
Pedregosa - Chihuahua,Onshore,Convergent (Ocean-Continent) Basin,
Selwyn,Onshore,Convergent (Ocean-Continent) Basin,
Duero,Onshore,Convergent (Continent-Continent) Basin,
Crazy Mountains,Onshore,Convergent (Ocean-Continent) Basin,
Yakima,Onshore,Divergent Basin,
Nechako - Tyaughton,Onshore,Convergent (Ocean-Continent) Basin,
Anadarko - Hugoton,Onshore,Convergent (Continent-Continent) Basin,
Eagle,Onshore,Convergent (Ocean-Continent) Basin,
Rio Grande,Onshore,Convergent (Ocean-Continent) Basin,
Tindouf,Onshore,Divergent Basin,Minor shows in wells
Sao Francisco,Onshore,Divergent Basin,Minor shows in wells
Beni Mellal,Onshore,Convergent (Continent-Continent) Basin,Minor shows in wells
Chu Sarysu,Onshore,Divergent Basin,Discoveries
Fergana,Onshore,Convergent (Continent-Continent) Basin,Producing fields
Junggar,Onshore,Convergent (Continent-Continent) Basin,Producing fields
Syr-Dar'ya,Onshore,Convergent (Continent-Continent) Basin,Unproven
Teniz,Onshore,Divergent Basin,Discoveries
West Tien Shan Intermontane,Onshore,Convergent (Continent-Continent) Basin,Unproven
Zaysan,Onshore,Convergent (Continent-Continent) Basin,Discoveries
Nirihuau,Onshore,Convergent (Ocean-Continent) Basin,Unknown
Oriente,Onshore,Convergent (Ocean-Continent) Basin,Producing fields
Santa Cruz,Onshore,Convergent (Ocean-Continent) Basin,Producing fields
Ucayali,Onshore,Convergent (Ocean-Continent) Basin,Producing fields
Upper Magdalena Valley,Onshore,Convergent (Ocean-Continent) Basin,Producing fields
Melawi,Onshore,Divergent Basin,Unknown
Ombilin,Onshore,Convergent (Ocean-Continent) Basin,Discoveries
Armenia,Onshore,Convergent (Continent-Continent) Basin,Discoveries
Erzurum - Mus-Hinis,Onshore,Convergent (Continent-Continent) Basin,Unproven
Vardar - Balkans,Onshore,Convergent (Continent-Continent) Basin,Discoveries
Southern Carpathians,Onshore,Convergent (Ocean-Continent) Basin,Producing fields
Assam,Onshore,Convergent (Continent-Continent) Basin,Producing fields
Ganga Sub-basin - Indo-Gangetic,Onshore,Convergent (Continent-Continent) Basin,Hydrocarbon seeps
Kashmir Valley,Onshore,Convergent (Continent-Continent) Basin,Minor shows in wells
Lunpola,Onshore,Convergent (Continent-Continent) Basin,Discoveries
Punjab Sub-basin - Indo-Gangetic,Onshore,Convergent (Continent-Continent) Basin,Discoveries
Rewa,Onshore,Divergent Basin,Unproven
Xigaze,Onshore,Convergent (Continent-Continent) Basin,Hydrocarbon seeps
Cuyo,Onshore,Convergent (Ocean-Continent) Basin,Producing fields
Llanos,Onshore,Convergent (Ocean-Continent) Basin,Producing fields
Madre de Dios,Onshore,Convergent (Ocean-Continent) Basin,Discoveries
Maracaibo,Onshore,Convergent (Ocean-Continent) Basin,Producing fields
Middle Magdalena Valley,Onshore,Convergent (Ocean-Continent) Basin,Producing fields
Neuquen,Onshore,Convergent (Ocean-Continent) Basin,Producing fields
Solimoes,Onshore,Divergent Basin,Producing fields
Murray,Onshore,Divergent Basin,Unproven
Atacama,Onshore,Convergent (Ocean-Continent) Basin,Minor shows in wells
Illumeden,Onshore,Divergent Basin,Unproven
Takutu Graben,Onshore,Divergent Basin,Discoveries
Officer,Onshore,Divergent Basin,Significant shows
Georgina,Onshore,Divergent Basin,Unknown
Parana,Onshore,Divergent Basin,Producing fields
Altiplano,Onshore,Convergent (Ocean-Continent) Basin,Hydrocarbon seeps
Tapajos,Onshore,Divergent Basin,Unknown
Okavango,Onshore,Divergent Basin,Unknown
Kalahari,Onshore,Divergent Basin,Hydrocarbon seeps
Parecis,Onshore,Divergent Basin,Unknown
Clarence - Moreton,Onshore,Divergent Basin,Significant shows
Middle and Lower Zambezi,Onshore,Divergent Basin,Minor shows in wells
Taoudenni,Onshore,Divergent Basin,Minor shows in wells
Linares - Temuco - Los Angeles,Onshore,Convergent (Ocean-Continent) Basin,Minor shows in wells
Amazonas,Onshore,Divergent Basin,Producing fields
North Turgay,Onshore,Divergent Basin,Unproven
White Nile Rift,Onshore,Divergent Basin,Unproven
Nepa - Botuoba,Onshore,Divergent Basin,Producing fields
Ketungau,Onshore,Divergent Basin,Unknown
Vindhyan,Onshore,Divergent Basin,Discoveries
Damodar,Onshore,Divergent Basin,Producing fields
Afghan - Tajik,Onshore,Convergent (Continent-Continent) Basin,Producing fields
Son Mahanadi,Onshore,Divergent Basin,Unknown
Purnea - Brahmaputra Sub-basin - Indo-Gangetic,Onshore,Convergent (Continent-Continent) Basin,Unproven
Pannonian,Onshore,Wrench Basin,Producing fields
Gourara,Onshore,Divergent Basin,Producing fields
Kufrah,Onshore,Divergent Basin,Minor shows in wells
Amu-Dar'ya,Onshore,Convergent (Continent-Continent) Basin,Producing fields
Omsk/Nyurolka Sub-basin - West Siberia,Onshore,Divergent Basin,Producing fields
Turfan,Onshore,Convergent (Continent-Continent) Basin,Producing fields
Turgay,Onshore,Divergent Basin,Producing fields
Transylvanian,Onshore,Convergent (Continent-Continent) Basin,Producing fields
Beni Plain,Onshore,Convergent (Ocean-Continent) Basin,Unknown
Blue Nile Rift,Onshore,Divergent Basin,Discoveries
East Niger Rift,Onshore,Divergent Basin,Discoveries
Melut Rift,Onshore,Divergent Basin,Producing fields
Huallaga,Onshore,Convergent (Ocean-Continent) Basin,Unproven
Maturin,Onshore,Convergent (Ocean-Continent) Basin,Producing fields
North - Central Gregory Rift,Onshore,Divergent Basin,Discoveries
Ruhuhu Rift,Onshore,Divergent Basin,Unproven
Northern Carpathians,Onshore,Convergent (Ocean-Continent) Basin,Producing fields
Vienna,Onshore,Convergent (Continent-Continent) Basin,Producing fields
Tarim,Onshore,Convergent (Continent-Continent) Basin,Producing fields
Sana'a,Onshore,Divergent Basin,Unknown
Baluchistan - Urgun Foldbelt,Onshore,Convergent (Ocean-Continent) Basin,Hydrocarbon seeps
Central Iran - Kavir,Onshore,Convergent (Continent-Continent) Basin,Producing fields
Farah,Onshore,Convergent (Ocean-Continent) Basin,Discoveries
Kirthar Foldbelt,Onshore,Convergent (Continent-Continent) Basin,Minor shows in wells
Tabuk,Onshore,Divergent Basin,Producing fields
Northern Thailand,Onshore,Divergent Basin,Producing fields
Phetchabun,Onshore,Divergent Basin,Producing fields
Phitsanulok,Onshore,Divergent Basin,Producing fields
Meervlakte,Onshore,Wrench Basin,Unknown
Donbas Foldbelt,Onshore,Divergent Basin,Producing fields
Sayan - Angara - Lena,Onshore,Divergent Basin,Producing fields
Pranhita - Godavari,Onshore,Divergent Basin,Unproven
Upper Egypt,Onshore,Divergent Basin,Producing fields
Rukwa Rift,Onshore,Divergent Basin,Unproven
Santiago,Onshore,Convergent (Ocean-Continent) Basin,Discoveries
Cesar - Rancheria,Onshore,Convergent (Ocean-Continent) Basin,Discoveries
Akimeugah,Onshore,Convergent (Ocean-Continent) Basin,Unproven
Madrid,Onshore,Divergent Basin,
Kandik,Onshore,Convergent (Continent-Continent) Basin,
Michigan,Onshore,Divergent Basin,
Arkoma,Onshore,Convergent (Continent-Continent) Basin,
Pasco,Onshore,Divergent Basin,
Dnieper - Donets,Onshore,Divergent Basin,Producing fields
Williston,Onshore,Divergent Basin,
Poyang,Onshore,Divergent Basin,
Arckaringa,Onshore,Divergent Basin,Unproven
Lixian,Onshore,Divergent Basin,
Pripyat,Onshore,Divergent Basin,Producing fields
Shiwan - Dashan,Onshore,Divergent Basin,
Innoko,Onshore,Convergent (Ocean-Continent) Basin,
Lakeview,Onshore,Divergent Basin,
Green River,Onshore,Convergent (Ocean-Continent) Basin,
General Levalle,Onshore,Divergent Basin,Minor shows in wells
Panatanal Low,Onshore,Divergent Basin,Unknown
Yuanjiang,Onshore,Divergent Basin,
Ussuri,Onshore,Convergent (Ocean-Continent) Basin,
Oued Mya,Onshore,Divergent Basin,Producing fields
Bresse - Jura,Onshore,Divergent Basin,
Northway Lowlands,Onshore,Convergent (Ocean-Continent) Basin,
Holitna,Onshore,Convergent (Ocean-Continent) Basin,
Polar,Onshore,Divergent Basin,
Gobi,Onshore,Wrench Basin,Producing fields
Barinas,Onshore,Convergent (Ocean-Continent) Basin,Producing fields
Middle Amur,Onshore,Convergent (Ocean-Continent) Basin,
Gan - Hang,Onshore,Divergent Basin,
Paris,Onshore,Divergent Basin,
Athabasca,Onshore,Divergent Basin,
Sand Wash - Piceance,Onshore,Convergent (Ocean-Continent) Basin,
Zeya Bureya,Onshore,Convergent (Ocean-Continent) Basin,Significant shows
Cis-Patom Foredeep,Onshore,Wrench Basin,Discoveries
Malawi Rift,Onshore,Divergent Basin,Unproven
Anabar - Lena,Onshore,Divergent Basin,Unproven
Eastern Cordillera,Onshore,Convergent (Ocean-Continent) Basin,Producing fields
Galilee - Drummond,Onshore,Divergent Basin,Minor shows in wells
San Luis,Onshore,Divergent Basin,Unknown
Illizi - Ghadames,Onshore,Divergent Basin,Producing fields
Euphrates - Sinjar,Onshore,Convergent (Continent-Continent) Basin,Producing fields
South Pyrenean,Onshore,Convergent (Continent-Continent) Basin,
Sub-Alpine Molasse,Onshore,Convergent (Continent-Continent) Basin,
Ozark,Onshore,Divergent Basin,
Yukon Flats,Onshore,Convergent (Continent-Continent) Basin,
Appalachian,Onshore,Convergent (Continent-Continent) Basin,
Quincy,Onshore,Divergent Basin,
Nevana,Onshore,Convergent (Ocean-Continent) Basin,
Midland - Permian,Onshore,Convergent (Continent-Continent) Basin,
Palo Duro,Onshore,Convergent (Continent-Continent) Basin,
Raton,Onshore,Convergent (Ocean-Continent) Basin,
Nanxiong,Onshore,Divergent Basin,
Wilkes,Onshore,Divergent Basin,
Delaware,Onshore,Convergent (Continent-Continent) Basin,
Guanxi - Guizhou,Onshore,Divergent Basin,
West Canadian - Alberta,Onshore,Convergent (Ocean-Continent) Basin,
Susitna,Onshore,Convergent (Ocean-Continent) Basin,
Baikal Rift,Onshore,Divergent Basin,
Marfa,Onshore,Convergent (Continent-Continent) Basin,
Chaco - Parana,Onshore,Convergent (Ocean-Continent) Basin,Minor shows in wells
Vilyuy,Onshore,Convergent (Continent-Continent) Basin,Discoveries
Erlian,Onshore,Wrench Basin,Producing fields
Northwest,Onshore,Convergent (Ocean-Continent) Basin,Producing fields
Sivas - Malatya,Onshore,Convergent (Continent-Continent) Basin,Unproven
Kura - Kartli,Onshore,Convergent (Continent-Continent) Basin,Producing fields
Reggane,Onshore,Divergent Basin,Discoveries
Sichuan,Onshore,Convergent (Continent-Continent) Basin,Producing fields
Bananal,Onshore,Divergent Basin,Unknown
Old Crow,Onshore,Convergent (Continent-Continent) Basin,
Tonle Sap,Onshore,Wrench Basin,
Sierra Madre Oriental,Onshore,Divergent Basin,Discoveries
Mississippi Salt,Onshore,Divergent Basin,
Chucunaque,Onshore,Convergent (Ocean-Ocean) Basin,Minor shows in wells
Ungava Bay,Onshore & Offshore,Divergent Basin,
Salinas (California),Onshore & Offshore,Wrench Basin,
Scott,Onshore & Offshore,Divergent Basin,
Baltic,Onshore & Offshore,Divergent Basin,Producing fields
Midland Valley,Onshore & Offshore,Divergent Basin,Producing fields
Amak,Onshore & Offshore,Convergent (Ocean-Continent) Basin,
Moose River,Onshore & Offshore,Divergent Basin,
Ishikari - Hidaka,Onshore & Offshore,Convergent (Ocean-Continent) Basin,
Akita,Onshore & Offshore,Convergent (Ocean-Continent) Basin,
San Shui,Onshore & Offshore,Divergent Basin,
Pigeon Point,Onshore & Offshore,Wrench Basin,
South Shetland,Onshore & Offshore,Convergent (Ocean-Continent) Basin,
Magdalen,Onshore & Offshore,Wrench Basin,Producing fields
Gippsland,Onshore & Offshore,Divergent Basin,Producing fields
Central Solomon Trough,Onshore & Offshore,Convergent (Ocean-Ocean) Basin,
Vanikolo,Onshore & Offshore,Convergent (Ocean-Ocean) Basin,
Hangjiahu,Onshore & Offshore,Divergent Basin,
Cook Inlet,Onshore & Offshore,Convergent (Ocean-Continent) Basin,
East Sakhalin - Central Sea of Okhotsk,Onshore & Offshore,Convergent (Ocean-Continent) Basin,Producing fields
Guajira,Onshore & Offshore,Convergent (Ocean-Continent) Basin,Producing fields
Rovuma,Onshore & Offshore,Divergent Basin,Producing fields
Tampico,Onshore & Offshore,Convergent (Ocean-Continent) Basin,Producing fields
Red Sea,Onshore & Offshore,Divergent Basin,Discoveries
Guyana,Onshore & Offshore,Divergent Basin,Producing fields
Diego Ambilobe,Onshore & Offshore,Divergent Basin,Unproven
Kutei,Onshore & Offshore,Convergent (Ocean-Continent) Basin,Producing fields
Krishna - Godavari,Onshore & Offshore,Divergent Basin,Producing fields
Magallanes,Onshore & Offshore,Convergent (Ocean-Continent) Basin,Producing fields
Chatham Rise,Onshore & Offshore,Divergent Basin,Unproven
Pre-Rif/Rharb,Onshore & Offshore,Convergent (Continent-Continent) Basin,Producing fields
Terpeniya Bay,Onshore & Offshore,Convergent (Ocean-Continent) Basin,Unproven
Jamaica - Pedro Bank,Onshore & Offshore,Wrench Basin,Minor shows in wells
South Carnarvon,Onshore & Offshore,Divergent Basin,Unproven
Baltimore Canyon,Onshore & Offshore,Divergent Basin,Discoveries
East Palawan,Onshore & Offshore,Divergent Basin,Minor shows in wells
South Palawan,Onshore & Offshore,Divergent Basin,Discoveries
Mannar,Onshore & Offshore,Divergent Basin,Discoveries
Bahamas,Onshore & Offshore,Divergent Basin,Significant shows
Namibe,Onshore & Offshore,Divergent Basin,Minor shows in wells
Moattama - Tanintharyi,Onshore & Offshore,Convergent (Ocean-Continent) Basin,Producing fields
Tumbes,Onshore & Offshore,Convergent (Ocean-Continent) Basin,Producing fields
Walvis,Onshore & Offshore,Divergent Basin,Minor shows in wells
Luderitz,Onshore & Offshore,Divergent Basin,Unproven
North New Guinea,Onshore & Offshore,Convergent (Ocean-Continent) Basin,Discoveries
South Makassar,Onshore & Offshore,Convergent (Ocean-Continent) Basin,Discoveries
Central Sumatra,Onshore & Offshore,Convergent (Ocean-Continent) Basin,Producing fields
North Sumatra - Mergui,Onshore & Offshore,Convergent (Ocean-Continent) Basin,Producing fields
Northwest Java,Onshore & Offshore,Convergent (Ocean-Continent) Basin,Producing fields
Sunda,Onshore & Offshore,Convergent (Ocean-Continent) Basin,Producing fields
Puerto Montt,Onshore & Offshore,Convergent (Ocean-Continent) Basin,Discoveries
Khatyrka,Onshore & Offshore,Wrench Basin,Discoveries
West Kamchatka,Onshore & Offshore,Convergent (Ocean-Continent) Basin,Producing fields
Mosquitia,Onshore & Offshore,Wrench Basin,Discoveries
North Slope,Onshore & Offshore,Convergent (Ocean-Continent) Basin,Producing fields
Beaufort - Mackenzie,Onshore & Offshore,Convergent (Continent-Continent) Basin,Producing fields
Keta - Togo - Benin,Onshore & Offshore,Divergent Basin,Discoveries
Pegasus,Onshore & Offshore,Convergent (Continent-Continent) Basin,Unproven
Invercargill,Onshore & Offshore,Wrench Basin,Unproven
Mozambique,Onshore & Offshore,Divergent Basin,Producing fields
Tanzanian Coastal,Onshore & Offshore,Divergent Basin,Producing fields
Fundy,Onshore & Offshore,Divergent Basin,Unproven
Perth,Onshore & Offshore,Divergent Basin,Producing fields
Foz do Amazonas - Marajo,Onshore & Offshore,Divergent Basin,Discoveries
Lusitanian,Onshore & Offshore,Divergent Basin,
Liguria - Provencal,Onshore & Offshore,Divergent Basin,
Ross,Onshore & Offshore,Divergent Basin,
Tosa,Onshore & Offshore,Convergent (Ocean-Continent) Basin,
Ulster,Onshore & Offshore,Divergent Basin,
East Irish Sea,Onshore & Offshore,Divergent Basin,
East Shetland Platform,Onshore & Offshore,Divergent Basin,Discoveries
Plymouth Bay,Onshore & Offshore,Divergent Basin,
Los Angeles,Onshore & Offshore,Wrench Basin,
South Sumba,Onshore & Offshore,Convergent (Ocean-Continent) Basin,
Joban,Onshore & Offshore,Convergent (Ocean-Continent) Basin,
South Orkney,Onshore & Offshore,Convergent (Ocean-Continent) Basin,
Georges Bank,Onshore & Offshore,Divergent Basin,Unproven
Timan - Pechora,Onshore & Offshore,Convergent (Continent-Continent) Basin,
Salinas - Sureste,Onshore & Offshore,Convergent (Ocean-Continent) Basin,Producing fields
East Java,Onshore & Offshore,Convergent (Ocean-Continent) Basin,Producing fields
Central Turkey,Onshore & Offshore,Convergent (Continent-Continent) Basin,Discoveries
Kachchh,Onshore & Offshore,Divergent Basin,Discoveries
Iquique,Onshore & Offshore,Convergent (Ocean-Continent) Basin,Hydrocarbon seeps
Oki,Onshore & Offshore,Convergent (Ocean-Continent) Basin,
North Coast Tertiary,Onshore & Offshore,Wrench Basin,
Weddell,Onshore & Offshore,Divergent Basin,
Shumagin,Onshore & Offshore,Convergent (Ocean-Continent) Basin,
Marie Byrd,Onshore & Offshore,Divergent Basin,
Lower Magdalena,Onshore & Offshore,Convergent (Ocean-Continent) Basin,Producing fields
Potiguar,Onshore & Offshore,Divergent Basin,Producing fields
Sydney,Onshore & Offshore,Divergent Basin,Discoveries
Greenland East Central,Onshore & Offshore,Divergent Basin,Unknown
Caltanissetta,Onshore & Offshore,Convergent (Ocean-Continent) Basin,
Bransfield,Onshore & Offshore,Convergent (Ocean-Continent) Basin,
Buru,Onshore & Offshore,Convergent (Ocean-Ocean) Basin,
Mumbai - Saurashtra,Onshore & Offshore,Divergent Basin,Producing fields
Foxe,Onshore & Offshore,Divergent Basin,
Pisco,Onshore & Offshore,Convergent (Ocean-Continent) Basin,Unproven
Bendeleban,Onshore & Offshore,Convergent (Ocean-Continent) Basin,
Konkan - Kerala,Onshore & Offshore,Divergent Basin,Minor shows in wells
Waipoga,Onshore & Offshore,Wrench Basin,Significant shows
Greater Thai,Onshore & Offshore,Divergent Basin,Producing fields
Clare,Onshore & Offshore,Divergent Basin,
East Mediterranean,Onshore & Offshore,Divergent Basin,
Aquitaine,Onshore & Offshore,Divergent Basin,
Wessex,Onshore & Offshore,Divergent Basin,
Beata,Onshore & Offshore,Wrench Basin,
Franklinian - Sverdrup,Onshore & Offshore,Convergent (Continent-Continent) Basin,Discoveries
Po,Onshore & Offshore,Convergent (Continent-Continent) Basin,Producing fields
Southern Apennines,Onshore & Offshore,Convergent (Continent-Continent) Basin,Producing fields
East Siberian Sea,Onshore & Offshore,Divergent Basin,Unknown
Laptev Sea,Onshore & Offshore,Divergent Basin,Minor shows in wells
Adriatic - Dinaric,Onshore & Offshore,Convergent (Continent-Continent) Basin,Producing fields
Lower Congo,Onshore & Offshore,Divergent Basin,Producing fields
Outeniqua,Onshore & Offshore,Divergent Basin,Producing fields
Enriquillo,Onshore & Offshore,Wrench Basin,Significant shows
Rio Muni,Onshore & Offshore,Divergent Basin,Producing fields
Tarakan,Onshore & Offshore,Convergent (Ocean-Continent) Basin,Producing fields
Liberia,Onshore & Offshore,Divergent Basin,Discoveries
Piaui - Ceara,Onshore & Offshore,Divergent Basin,Producing fields
Seram,Onshore & Offshore,Convergent (Ocean-Ocean) Basin,Producing fields
Sengkang Bone,Onshore & Offshore,Divergent Basin,Producing fields
North China,Onshore & Offshore,Convergent (Ocean-Continent) Basin,Producing fields
West Barents Sea,Onshore & Offshore,Divergent Basin,Producing fields
Cambay,Onshore & Offshore,Divergent Basin,Producing fields
Sibolga,Onshore & Offshore,Convergent (Ocean-Continent) Basin,Discoveries
Kwanza,Onshore & Offshore,Divergent Basin,Producing fields
Montevideo - Canelones,Onshore & Offshore,Divergent Basin,Unknown
Aaiun - Tarfaya,Onshore & Offshore,Divergent Basin,Discoveries
Ionian Sea,Onshore & Offshore,Convergent (Continent-Continent) Basin,Producing fields
Northern Aegean,Onshore & Offshore,Convergent (Continent-Continent) Basin,Producing fields
Korkuteli-Kas,Onshore & Offshore,Convergent (Continent-Continent) Basin,Minor shows in wells
Cyrenaica,Onshore & Offshore,Divergent Basin,Producing fields
Bahia Sul,Onshore & Offshore,Divergent Basin,Producing fields
Campos,Onshore & Offshore,Divergent Basin,Producing fields
Adana,Onshore & Offshore,Convergent (Continent-Continent) Basin,Producing fields
Sergipe - Alagoas,Onshore & Offshore,Divergent Basin,Producing fields
South Kara/Yamal Sub-basin - West Siberia,Onshore & Offshore,Divergent Basin,Producing fields
Mangyshlak - Ustyurt,Onshore & Offshore,Divergent Basin,Producing fields
Barbados,Onshore & Offshore,Convergent (Ocean-Ocean) Basin,Producing fields
Nile Delta,Onshore & Offshore,Divergent Basin,Producing fields
Guarico,Onshore & Offshore,Wrench Basin,Producing fields
Gulf of Venezuela,Onshore & Offshore,Convergent (Ocean-Continent) Basin,Producing fields
Southwest Greenland,Onshore & Offshore,Divergent Basin,Minor shows in wells
Black Sea,Onshore & Offshore,Convergent (Continent-Continent) Basin,Producing fields
Burgas,Onshore & Offshore,Convergent (Continent-Continent) Basin,Unproven
Pelagian,Onshore & Offshore,Divergent Basin,Producing fields
North Caucasus,Onshore & Offshore,Convergent (Continent-Continent) Basin,Producing fields
Western Desert,Onshore & Offshore,Divergent Basin,Producing fields
Lamu Embayment,Onshore & Offshore,Divergent Basin,Discoveries
Majunga,Onshore & Offshore,Divergent Basin,Minor shows in wells
Sinu - San Jacinto,Onshore & Offshore,Convergent (Ocean-Continent) Basin,Discoveries
South Coast Tertiary,Onshore & Offshore,Wrench Basin,Unproven
Aden - Abiyan,Onshore & Offshore,Divergent Basin,Unknown
Balhaf,Onshore & Offshore,Divergent Basin,Unproven
Sagaleh,Onshore & Offshore,Divergent Basin,Minor shows in wells
Elat - Dead Sea,Onshore & Offshore,Wrench Basin,Discoveries
Iskenderun,Onshore & Offshore,Convergent (Continent-Continent) Basin,Discoveries
Makran Foldbelt,Onshore & Offshore,Convergent (Ocean-Continent) Basin,Minor shows in wells
Masirah,Onshore & Offshore,Divergent Basin,Discoveries
Offshore Indus,Onshore & Offshore,Divergent Basin,Discoveries
Oman Mountains Foldbelt,Onshore & Offshore,Convergent (Continent-Continent) Basin,Producing fields
Rub al Khali,Onshore & Offshore,Convergent (Continent-Continent) Basin,Producing fields
Sinai - Levant,Onshore & Offshore,Divergent Basin,Producing fields
Southeast Turkey Foldbelt,Onshore & Offshore,Convergent (Continent-Continent) Basin,Producing fields
Widyan - North Arabian Gulf,Onshore & Offshore,Convergent (Continent-Continent) Basin,Producing fields
Zagros Foldbelt,Onshore & Offshore,Convergent (Continent-Continent) Basin,Producing fields
Senegal - Bove,Onshore & Offshore,Divergent Basin,Discoveries
Greater Chao Phraya,Onshore & Offshore,Divergent Basin,Producing fields
Bintuni,Onshore & Offshore,Wrench Basin,Producing fields
Buton,Onshore & Offshore,Divergent Basin,Discoveries
Central Vanuatu,Onshore & Offshore,Convergent (Ocean-Ocean) Basin,
Lambert,Onshore & Offshore,Divergent Basin,
Pacific Northeast Trench,Onshore & Offshore,Convergent (Ocean-Continent) Basin,
Karoo,Onshore & Offshore,Convergent (Ocean-Continent) Basin,Hydrocarbon seeps
South Panama,Onshore & Offshore,Convergent (Ocean-Ocean) Basin,Unknown
Teshio,Onshore & Offshore,Convergent (Ocean-Continent) Basin,
North Panama,Onshore & Offshore,Convergent (Ocean-Ocean) Basin,Unknown
Tokachi,Onshore & Offshore,Convergent (Ocean-Continent) Basin,
Choco,Onshore & Offshore,Convergent (Ocean-Continent) Basin,Minor shows in wells
Ancud,Onshore & Offshore,Convergent (Ocean-Continent) Basin,Unproven
Parnaiba,Onshore & Offshore,Divergent Basin,Discoveries
Nambour,Onshore & Offshore,Divergent Basin,Unproven
Canterbury,Onshore & Offshore,Divergent Basin,Discoveries
Chiriqui - Terraba,Onshore & Offshore,Convergent (Ocean-Ocean) Basin,Minor shows in wells
Limon - Becasatel - Toro,Onshore & Offshore,Convergent (Ocean-Ocean) Basin,Minor shows in wells
Corrientes Trench,Onshore & Offshore,Convergent (Ocean-Continent) Basin,Unproven
Eucla,Onshore & Offshore,Divergent Basin,Unknown
Barreirinhas,Onshore & Offshore,Divergent Basin,Discoveries
Cote d'Ivoire,Onshore & Offshore,Divergent Basin,Producing fields
Doukkala,Onshore & Offshore,Convergent (Continent-Continent) Basin,Minor shows in wells
Essaouira,Onshore & Offshore,Convergent (Continent-Continent) Basin,Producing fields
Souss,Onshore & Offshore,Convergent (Continent-Continent) Basin,Minor shows in wells
North Ustyurt,Onshore & Offshore,Divergent Basin,Producing fields
Precaspian,Onshore & Offshore,Divergent Basin,Producing fields
Rioni,Onshore & Offshore,Convergent (Continent-Continent) Basin,Producing fields
South Caspian,Onshore & Offshore,Convergent (Continent-Continent) Basin,Producing fields
Andaman - Nicobar,Onshore & Offshore,Convergent (Ocean-Continent) Basin,Discoveries
Barito,Onshore & Offshore,Convergent (Ocean-Continent) Basin,Producing fields
Bengkulu,Onshore & Offshore,Convergent (Ocean-Continent) Basin,Discoveries
Java Sea,Onshore & Offshore,Convergent (Ocean-Continent) Basin,Producing fields
Pasir - Asem Asem,Onshore & Offshore,Convergent (Ocean-Continent) Basin,Discoveries
Sandakan,Onshore & Offshore,Convergent (Ocean-Continent) Basin,Discoveries
South Java,Onshore & Offshore,Convergent (Ocean-Continent) Basin,Unknown
South Sumatra,Onshore & Offshore,Convergent (Ocean-Continent) Basin,Producing fields
Moesian Platform,Onshore & Offshore,Convergent (Continent-Continent) Basin,Producing fields
Karkinitsk,Onshore & Offshore,Divergent Basin,Producing fields
Indolo-Kuban,Onshore & Offshore,Convergent (Continent-Continent) Basin,Producing fields
Pontides,Onshore & Offshore,Convergent (Continent-Continent) Basin,Discoveries
Predobrogea,Onshore & Offshore,Convergent (Continent-Continent) Basin,Producing fields
Northern Apennines,Onshore & Offshore,Convergent (Continent-Continent) Basin,Producing fields
Panjang,Onshore & Offshore,Divergent Basin,Unknown
Pattani,Onshore & Offshore,Divergent Basin,Producing fields
Sabah - Baram Delta,Onshore & Offshore,Convergent (Ocean-Continent) Basin,Producing fields
Sarawak - Luconia - East Natuna,Onshore & Offshore,Divergent Basin,Producing fields
Bengal Delta Sub-basin - Bengal,Onshore & Offshore,Divergent Basin,Producing fields
Cauvery,Onshore & Offshore,Divergent Basin,Producing fields
Mahanadi,Onshore & Offshore,Divergent Basin,Discoveries
Seychelles Bank,Onshore & Offshore,Divergent Basin,Minor shows in wells
Cap St. Marie,Onshore & Offshore,Divergent Basin,Unproven
Wanganui,Onshore & Offshore,Convergent (Ocean-Continent) Basin,Unknown
Tela,Onshore & Offshore,Wrench Basin,Unproven
Salaverry - Trujillo,Onshore & Offshore,Convergent (Ocean-Continent) Basin,Significant shows
Salton Trough,Onshore & Offshore,Wrench Basin,Unproven
Talara,Onshore & Offshore,Convergent (Ocean-Continent) Basin,Producing fields
Polda,Onshore & Offshore,Divergent Basin,Unproven
Vizcaino,Onshore & Offshore,Convergent (Ocean-Continent) Basin,Minor shows in wells
Maryborough,Onshore & Offshore,Divergent Basin,Unknown
Solander,Onshore & Offshore,Wrench Basin,Significant shows
Esmeraldas - Manabi,Onshore & Offshore,Convergent (Ocean-Continent) Basin,Minor shows in wells
Borbon,Onshore & Offshore,Convergent (Ocean-Continent) Basin,Minor shows in wells
Niger Delta,Onshore & Offshore,Divergent Basin,Producing fields
West Hainan,Onshore & Offshore,Divergent Basin,Discoveries
Kronprins Christian,Onshore & Offshore,Divergent Basin,Unknown
Tripura - Cachar Foldbelt - Bengal,Onshore & Offshore,Divergent Basin,Producing fields
Trinidad,Onshore & Offshore,Convergent (Ocean-Continent) Basin,Producing fields
Douala,Onshore & Offshore,Divergent Basin,Producing fields
Southern Arctic Islands,Onshore & Offshore,Convergent (Continent-Continent) Basin,Unproven
North Greenland,Onshore & Offshore,Wrench Basin,Unknown
Hope,Onshore & Offshore,Divergent Basin,Unproven
Baffin Bay,Onshore & Offshore,Divergent Basin,Unproven
Beibu Gulf,Onshore & Offshore,Divergent Basin,Producing fields
Pearl River Mouth,Onshore & Offshore,Divergent Basin,Producing fields
Subei - Yellow Sea,Onshore & Offshore,Divergent Basin,Producing fields
Taiwan,Onshore & Offshore,Convergent (Ocean-Continent) Basin,Producing fields
West Korea,Onshore & Offshore,Divergent Basin,Discoveries
Yenisey - Khatanga,Onshore & Offshore,Divergent Basin,Producing fields
Somali - Ogaden - Mandera Lugh,Onshore & Offshore,Divergent Basin,Producing fields
Southern Gulf of Aden,Onshore & Offshore,Divergent Basin,Minor shows in wells
Anadyr,Onshore & Offshore,Wrench Basin,Discoveries
Central Kamchatka,Onshore & Offshore,Convergent (Ocean-Continent) Basin,Unknown
East Kamchatka,Onshore & Offshore,Convergent (Ocean-Continent) Basin,Unknown
Kuril,Onshore & Offshore,Convergent (Ocean-Continent) Basin,Unproven
Penzhina,Onshore & Offshore,Convergent (Ocean-Continent) Basin,Unproven
Arafura,Onshore & Offshore,Divergent Basin,Significant shows
Bonaparte,Onshore & Offshore,Divergent Basin,Producing fields
Canning,Onshore & Offshore,Divergent Basin,Producing fields
North Carnarvon,Onshore & Offshore,Divergent Basin,Producing fields
Central Sub-basin - West Siberia,Onshore & Offshore,Divergent Basin,Producing fields
East Barents Sea,Onshore & Offshore,Divergent Basin,Discoveries
Azua,Onshore & Offshore,Wrench Basin,Producing fields
Cibao,Onshore & Offshore,Wrench Basin,Minor shows in wells
Falcon,Onshore & Offshore,Convergent (Ocean-Continent) Basin,Producing fields
Morondava,Onshore & Offshore,Divergent Basin,Discoveries
Central Cuba,Onshore & Offshore,Wrench Basin,Producing fields
East Cuba,Onshore & Offshore,Wrench Basin,Absent
East Gulf Coast Tertiary,Onshore & Offshore,Divergent Basin,Producing fields
North Cuba,Onshore & Offshore,Convergent (Ocean-Continent) Basin,Producing fields
Peten,Onshore & Offshore,Convergent (Ocean-Continent) Basin,Producing fields
South Florida,Onshore & Offshore,Divergent Basin,Producing fields
Tampa,Onshore & Offshore,Divergent Basin,Absent
Veracruz,Onshore & Offshore,Convergent (Ocean-Continent) Basin,Producing fields
West Cuba,Onshore & Offshore,Wrench Basin,Absent
West Gulf Coast Tertiary,Onshore & Offshore,Divergent Basin,Producing fields
Yucatan Platform,Onshore & Offshore,Divergent Basin,Producing fields
Gulf of Suez,Onshore & Offshore,Divergent Basin,Producing fields
Jiza' - Qamar,Onshore & Offshore,Divergent Basin,Minor shows in wells
Mogadishu - Somali Coastal,Onshore & Offshore,Divergent Basin,Discoveries
Sayhut,Onshore & Offshore,Divergent Basin,Discoveries
Southern Aegean,Onshore & Offshore,Divergent Basin,Hydrocarbon seeps
Thrace,Onshore & Offshore,Convergent (Continent-Continent) Basin,Producing fields
Antalya,Onshore & Offshore,Convergent (Continent-Continent) Basin,Minor shows in wells
Enderby,Onshore & Offshore,Divergent Basin,
Gulf of Cadiz,Onshore & Offshore,Convergent (Continent-Continent) Basin,
Sibari - Crotone,Onshore & Offshore,Convergent (Ocean-Continent) Basin,
Galicia,Onshore & Offshore,Divergent Basin,
Cantabrian,Onshore & Offshore,Convergent (Continent-Continent) Basin,
Southern North Sea - Anglo-Dutch,Onshore & Offshore,Divergent Basin,Producing fields
Skagerrak - Kattegat,Onshore & Offshore,Divergent Basin,Unproven
Tyrrhenian Sea - Tuscany,Onshore & Offshore,Divergent Basin,
North Celtic Sea,Onshore & Offshore,Divergent Basin,
Bristol Channel - South Wales Coal,Onshore & Offshore,Divergent Basin,
Suruga,Onshore & Offshore,Convergent (Ocean-Continent) Basin,
Bristol Bay - North Aleutian,Onshore & Offshore,Convergent (Ocean-Continent) Basin,
Hudson Bay,Onshore & Offshore,Divergent Basin,
Channel Islands,Onshore & Offshore,Wrench Basin,
Lincoln Sea,Onshore & Offshore,Divergent Basin,
Santa Maria,Onshore & Offshore,Wrench Basin,
Bowers,Onshore & Offshore,Convergent (Ocean-Ocean) Basin,
Mezen,Onshore & Offshore,Divergent Basin,
Toyama,Onshore & Offshore,Convergent (Ocean-Continent) Basin,
Weber,Onshore & Offshore,Convergent (Ocean-Continent) Basin,
Albatross,Onshore & Offshore,Convergent (Ocean-Continent) Basin,
St. George,Onshore & Offshore,Convergent (Ocean-Continent) Basin,
Bicol Shelf,Onshore & Offshore,Convergent (Ocean-Ocean) Basin,
Eastern,Onshore & Offshore,Divergent Basin,
New Ireland,Onshore & Offshore,Convergent (Ocean-Ocean) Basin,
Shelikof,Onshore & Offshore,Convergent (Ocean-Continent) Basin,
Cotabato,Onshore & Offshore,Convergent (Ocean-Continent) Basin,
Bethel,Onshore & Offshore,Divergent Basin,
Fiji,Onshore & Offshore,Convergent (Ocean-Ocean) Basin,
Stevenson,Onshore & Offshore,Convergent (Ocean-Continent) Basin,
Gulf of California,Onshore & Offshore,Wrench Basin,Hydrocarbon seeps
Queen Charlotte,Onshore & Offshore,Wrench Basin,
Bellingham,Onshore & Offshore,Convergent (Ocean-Continent) Basin,
North Palawan,Onshore & Offshore,Divergent Basin,Producing fields
Jiao Liao,Onshore & Offshore,Divergent Basin,
Aleutian Trench,Onshore & Offshore,Convergent (Ocean-Ocean) Basin,
Big Bay - Cumberland,Onshore & Offshore,Convergent (Ocean-Ocean) Basin,
Toki,Onshore & Offshore,Convergent (Ocean-Continent) Basin,
Amundsen,Onshore & Offshore,Divergent Basin,
Gulf of Alaska Trench,Onshore & Offshore,Convergent (Ocean-Continent) Basin,
Quebec,Onshore & Offshore,Convergent (Continent-Continent) Basin,
Northland,Onshore & Offshore,Divergent Basin,Unknown
Loyalty,Onshore & Offshore,Divergent Basin,Unknown
Cagayan,Onshore & Offshore,Convergent (Ocean-Ocean) Basin,
Purisima - Iray,Onshore & Offshore,Convergent (Ocean-Continent) Basin,Unproven
Laura,Onshore & Offshore,Divergent Basin,Unknown
Visayan - Iloilo - Masbate,Onshore & Offshore,Convergent (Ocean-Continent) Basin,
Coronado,Onshore & Offshore,Convergent (Ocean-Ocean) Basin,Unknown
Yamato,Onshore & Offshore,Convergent (Ocean-Continent) Basin,
Eel River,Onshore & Offshore,Convergent (Ocean-Continent) Basin,
Aleutian,Onshore & Offshore,Convergent (Ocean-Ocean) Basin,
Graham,Onshore & Offshore,Convergent (Ocean-Continent) Basin,
Bougainville,Onshore & Offshore,Convergent (Ocean-Ocean) Basin,
Japan,Onshore & Offshore,Convergent (Ocean-Continent) Basin,
Tugidak,Onshore & Offshore,Convergent (Ocean-Continent) Basin,
Angmagssalik,Onshore & Offshore,Divergent Basin,Unknown
Agusan - Davao,Onshore & Offshore,Convergent (Ocean-Ocean) Basin,
Kanto,Onshore & Offshore,Convergent (Ocean-Continent) Basin,
Blake Plateau,Onshore & Offshore,Divergent Basin,Unproven
West Coast,Onshore & Offshore,Convergent (Ocean-Continent) Basin,Significant shows
Tempoku,Onshore & Offshore,Convergent (Ocean-Continent) Basin,
Okinawa Trough,Onshore & Offshore,Convergent (Ocean-Continent) Basin,
Bellingshausen,Onshore & Offshore,Convergent (Ocean-Continent) Basin,
Anticosti,Onshore & Offshore,Divergent Basin,Producing fields
La Honda,Onshore & Offshore,Wrench Basin,
Mindoro,Onshore & Offshore,Convergent (Continent-Continent) Basin,Discoveries
Bodega,Onshore & Offshore,Wrench Basin,
Tsushima,Onshore & Offshore,Convergent (Ocean-Continent) Basin,
Georgia,Onshore & Offshore,Convergent (Ocean-Continent) Basin,
Woodlark Rise,Onshore & Offshore,Convergent (Ocean-Continent) Basin,
Moscow,Onshore & Offshore,Divergent Basin,
Kitakami,Onshore & Offshore,Convergent (Ocean-Continent) Basin,
Sanak,Onshore & Offshore,Convergent (Ocean-Continent) Basin,
Niigata,Onshore & Offshore,Convergent (Ocean-Continent) Basin,
Norton,Onshore & Offshore,Divergent Basin,
Ryukyu Fore-arc,Onshore & Offshore,Convergent (Ocean-Continent) Basin,
Queen Maud,Onshore & Offshore,Divergent Basin,
Qinzhou,Onshore & Offshore,Divergent Basin,
Anderson,Onshore & Offshore,Convergent (Ocean-Continent) Basin,
Tehuantepec,Onshore & Offshore,Convergent (Ocean-Ocean) Basin,Hydrocarbon seeps
Tobago,Onshore & Offshore,Convergent (Ocean-Continent) Basin,Discoveries
Tanimbar,Onshore & Offshore,Convergent (Ocean-Ocean) Basin,
Otway,Onshore & Offshore,Divergent Basin,Producing fields
Carpentaria,Onshore & Offshore,Divergent Basin,Unknown
Cuu Long,Onshore & Offshore,Divergent Basin,Producing fields
Reconcavo,Onshore & Offshore,Divergent Basin,Producing fields
Salado,Onshore & Offshore,Divergent Basin,Unknown
San Jorge,Onshore & Offshore,Convergent (Ocean-Continent) Basin,Producing fields
Santos,Onshore & Offshore,Divergent Basin,Producing fields
Orange,Onshore & Offshore,Divergent Basin,Discoveries
Valdes,Onshore & Offshore,Divergent Basin,Unknown
Bahia Norte,Onshore & Offshore,Divergent Basin,Producing fields
Indus,Onshore & Offshore,Convergent (Continent-Continent) Basin,Producing fields
Colorado,Onshore & Offshore,Divergent Basin,Unknown
Espirito Santo,Onshore & Offshore,Divergent Basin,Producing fields
Gabon,Onshore & Offshore,Divergent Basin,Producing fields
Pelotas,Onshore & Offshore,Divergent Basin,Unproven
Pernambuco - Paraiba,Onshore & Offshore,Divergent Basin,Unknown
North Minch,Onshore & Offshore,Divergent Basin,
Moray Firth,Onshore & Offshore,Divergent Basin,Discoveries
Iberian Range,Onshore & Offshore,Convergent (Continent-Continent) Basin,
Guadalquivir,Onshore & Offshore,Convergent (Continent-Continent) Basin,
Betic Cordillera,Onshore & Offshore,Convergent (Continent-Continent) Basin,
Valencia Trough,Onshore & Offshore,Divergent Basin,
Cheshire - Worcester,Onshore & Offshore,Divergent Basin,
Gulf of Lion,Onshore & Offshore,Divergent Basin,
Balearic,Onshore & Offshore,Divergent Basin,
Northumberland - Solway,Onshore & Offshore,Divergent Basin,
Ebro,Onshore & Offshore,Convergent (Continent-Continent) Basin,
Northwest German,Onshore & Offshore,Divergent Basin,Producing fields
Southeast France,Onshore & Offshore,Divergent Basin,
Mid-Polish Trough,Onshore & Offshore,Divergent Basin,Producing fields
Kish Bank,Onshore & Offshore,Divergent Basin,
Malin,Onshore & Offshore,Divergent Basin,
Norwegian - Danish,Onshore & Offshore,Divergent Basin,Producing fields
Sea of Hebrides,Onshore & Offshore,Divergent Basin,
Miyazaki,Onshore & Offshore,Convergent (Ocean-Continent) Basin,
Sacramento,Onshore & Offshore,Convergent (Ocean-Continent) Basin,
West Luzon,Onshore & Offshore,Convergent (Ocean-Ocean) Basin,
West Washington and Oregon,Onshore & Offshore,Convergent (Ocean-Continent) Basin,
Tofino,Onshore & Offshore,Convergent (Ocean-Continent) Basin,
Point Arena,Onshore & Offshore,Wrench Basin,
Luzon - Ilocos Trough,Onshore & Offshore,Convergent (Ocean-Ocean) Basin,
Taranaki,Onshore & Offshore,Convergent (Ocean-Continent) Basin,Producing fields
Bass,Onshore & Offshore,Divergent Basin,Producing fields
East Coast,Onshore & Offshore,Convergent (Ocean-Continent) Basin,Significant shows
Atlas,Onshore & Offshore,Convergent (Continent-Continent) Basin,Producing fields
Sirte,Onshore & Offshore,Divergent Basin,Producing fields
Banggai Sula,Onshore & Offshore,Convergent (Continent-Continent) Basin,Discoveries
Irian Arafura,Onshore & Offshore,Convergent (Ocean-Continent) Basin,Significant shows
Lariang,Onshore & Offshore,Convergent (Continent-Continent) Basin,Unproven
Papuan,Onshore & Offshore,Convergent (Ocean-Continent) Basin,Producing fields
Salawati,Onshore & Offshore,Wrench Basin,Producing fields
Viqueque,Onshore & Offshore,Convergent (Ocean-Ocean) Basin,Discoveries
Halmahera,Onshore & Offshore,Convergent (Ocean-Continent) Basin,Unknown
Kai - Aru Trough,Onshore & Offshore,Divergent Basin,Unknown
Arakan,Onshore & Offshore,Convergent (Ocean-Continent) Basin,Discoveries
Bac Bo - Yinggehai,Onshore & Offshore,Divergent Basin,Producing fields
Central Myanmar Tertiary,Onshore & Offshore,Convergent (Ocean-Continent) Basin,Producing fields
Carolina Trough,Onshore & Offshore,Divergent Basin,Unproven
Sydney (Newfoundland),Onshore & Offshore,Divergent Basin,
Ile St. Marie,Onshore & Offshore,Divergent Basin,Minor shows in wells
Northeast Gulf Salt,Onshore & Offshore,Divergent Basin,
Arauco Lebu,Onshore & Offshore,Convergent (Ocean-Continent) Basin,Minor shows in wells
Victoria Land,Onshore & Offshore,Divergent Basin,
