field_name,reservoir_unit,country,region,basin_name,operator_company,hydrocarbon_type,reservoir_status,reservoir_period,lithology,basin_location_inferred,basin_location_external,tectonic_regime_basement-i,tectonic_regime_compression,tectonic_regime_diapir,tectonic_regime_erosion,tectonic_regime_evaporite,tectonic_regime_extension,tectonic_regime_gravity,tectonic_regime_inversion,tectonic_regime_linked,tectonic_regime_reactivation,tectonic_regime_shale,tectonic_regime_strike-slip,tectonic_regime_synsedimentation,tectonic_regime_transpression,tectonic_regime_transtension,tectonic_regime_uplift,structural_setting_backarc,structural_setting_delta,structural_setting_forearc,structural_setting_foreland,structural_setting_intracratonic,structural_setting_inversion,structural_setting_passive-margin,structural_setting_rift,structural_setting_salt,structural_setting_sub-salt,structural_setting_sub-thrust,structural_setting_thrust,structural_setting_wrench,depth,thickness_gross_average_ft,thickness_net_pay_average_ft,porosity,permeability,water_pct,is_in_water,is_on_island,is_in_gulf,is_in_strait,is_in_delta,is_in_bay,ref_onshore,ref_offshore,ref_lake,onshore_offshore
zhirnov,melekeskian,russia,former soviet union,volga-ural,nizhnevolzhsknet,oil,declining production,carboniferous,sandstone,onshore,onshore,0,1,0,0,1,0,0,0,0,0,0,0,0,0,0,0,0,0,0,1,0,0,0,0,0,0,0,0,0,1870,262.0,33.0,24.0,30.0,0.0,0.0,0.0,0.0,0.0,0.0,0.0,0.0,0.0,0.0,onshore
lagoa parda,lagoa parda (urucutuca),brazil,latin america,espirito santo,petrobras,oil,nearly depleted,paleogene,sandstone,onshore,onshore-offshore,0,0,0,0,0,1,0,0,0,0,0,0,0,0,0,0,0,0,0,0,0,0,1,0,0,0,0,0,0,4843,2133.0,72.0,23.0,350.0,0.0,0.0,0.0,0.0,0.0,0.0,0.0,0.0,0.0,0.0,onshore
abqaiq,arab d,saudi arabia,middle east,the gulf,saudi aramco,oil,rejuvenating,jurassic,limestone,onshore-offshore,onshore-offshore,0,1,0,0,1,0,0,0,0,0,0,0,0,0,0,0,0,0,0,1,0,0,0,0,0,0,0,0,0,6050,250.0,184.0,21.0,410.0,0.0,0.0,0.0,0.0,0.0,0.0,0.0,0.0,0.0,0.0,onshore
murchison,brent,uk /norway,europe,north sea northern,cnr,oil,nearly depleted,jurassic,sandstone,offshore,offshore,0,0,0,0,0,1,0,0,0,0,0,0,0,0,0,0,0,0,0,0,0,0,0,1,0,0,0,0,0,8988,425.0,300.0,22.0,750.0,1.0,1.0,0.0,0.0,0.0,0.0,0.0,0.0,0.0,0.0,offshore
west pembina,nisku (pembina l pool),canada,north america,western canada,numerous,oil,unknown,devonian,dolomite,onshore,onshore,0,1,0,0,0,0,0,0,0,0,0,0,0,0,0,0,0,0,0,1,0,0,0,0,0,0,0,0,0,9306,233.0,167.0,11.8,1407.0,0.0,0.0,0.0,0.0,0.0,0.0,0.0,0.0,0.0,0.0,onshore
uchkyr,xv-1,uzbekistan,former soviet union,amu darya,sredazgazprom,gas,declining production,jurassic,dolomite,onshore,onshore,0,1,0,0,1,1,0,1,0,0,0,0,0,0,0,0,0,0,0,0,0,1,0,1,0,0,0,0,0,5443,82.0,59.0,16.0,61.0,0.0,0.0,0.0,0.0,0.0,0.0,0.0,0.0,0.0,0.0,onshore
westhope south,charles,usa,north america,williston,amerada hess,oil,mature production,carboniferous,dolomitic limestone,onshore,onshore,0,1,0,0,0,0,0,0,0,0,0,0,0,0,0,0,0,0,0,0,1,0,0,0,0,0,0,0,0,3275,43.0,15.5,10.0,2.6,0.0,0.0,0.0,0.0,0.0,0.0,0.0,0.0,0.0,0.0,onshore
mcallen ranch,lower vicksburg,usa,north america,gulf of mexico northern onshore,shell,gas,mature production,paleogene,sandstone,onshore,onshore,0,0,0,0,0,1,1,0,0,0,1,0,1,0,0,0,0,1,0,0,0,0,1,0,0,0,0,0,0,9400,300.0,140.0,16.0,0.6,0.0,0.0,0.0,0.0,0.0,0.0,0.0,1.0,0.0,0.0,onshore
ellis ranch,cleveland,usa,north america,anadarko,numerous,gas,declining production,carboniferous,shaly sandstone,onshore,onshore,0,1,0,1,0,0,0,0,0,0,0,0,0,0,0,0,0,0,0,1,0,0,0,0,0,0,0,0,0,6500,150.0,26.0,14.0,0.4,0.0,0.0,0.0,0.0,0.0,0.0,0.0,0.0,0.0,0.0,onshore
strachan,leduc,canada,north america,western canada,banf and aquitaine,gas,nearly depleted,devonian,dolomite,onshore,onshore,0,1,0,0,0,0,0,0,0,0,0,0,0,0,0,0,0,0,0,1,0,0,0,0,0,0,0,0,0,12068,900.0,535.0,7.8,11.0,0.0,0.0,0.0,0.0,0.0,0.0,0.0,0.0,0.0,0.0,onshore
mene grande,isnotu,venezuela,latin america,maracaibo,repsol ypf,oil,rejuvenating,neogene,thinly-bedded sandstone,onshore,onshore,0,1,0,1,0,0,0,0,0,0,0,0,0,0,0,0,0,0,0,1,0,0,0,0,0,0,0,0,0,1104,1400.0,100.0,30.0,1000.0,0.0,0.0,0.0,0.0,0.0,0.0,0.0,0.0,0.0,0.0,onshore
badr el din-2,bahariya,unknown,unknown,abu gharadig,bapetco,gas-condensate,declining production,cretaceous,sandstone,onshore,onshore,0,0,0,0,0,1,0,0,0,0,0,0,0,0,0,0,0,0,0,0,0,0,0,1,0,0,0,0,0,7546,361.0,148.0,20.0,225.0,0.0,0.0,0.0,0.0,0.0,0.0,0.0,0.0,0.0,0.0,onshore
bridger lake,dakota sandstone (lower member),unknown,unknown,greater green river,bta oil producers,oil,nearly depleted,cretaceous,sandstone,onshore,onshore,0,1,0,1,0,0,0,0,0,0,0,0,0,0,0,0,0,0,0,1,0,0,0,0,0,0,0,0,0,15460,270.0,35.0,12.8,79.0,0.0,0.0,0.0,0.0,0.0,0.0,0.0,0.0,0.0,1.0,onshore
judy creek,swan hills (judy creek a pool),canada,north america,western canada,imperial oil resources,oil,mature production,devonian,limestone,onshore,onshore,0,1,0,0,0,0,0,0,0,0,0,0,0,0,0,0,0,0,0,1,0,0,0,0,0,0,0,0,0,8540,230.0,60.0,9.0,45.0,0.0,0.0,0.0,0.0,0.0,0.0,0.0,0.0,0.0,0.0,onshore
angus,angus sand,uk,europe,north sea central,amerada hess,oil,declining production,jurassic,sandstone,offshore,offshore,0,0,0,1,0,1,0,0,0,0,0,0,0,0,0,0,0,0,0,0,0,0,0,1,0,0,0,0,0,10130,100.0,60.0,18.0,3000.0,1.0,1.0,0.0,0.0,0.0,0.0,0.0,0.0,0.0,0.0,offshore
scott,sgiath-piper,unknown,unknown,moray firth,nexen,oil,declining production,jurassic,sandstone,offshore,offshore,0,0,0,0,1,1,0,0,0,0,0,0,0,0,0,0,0,0,0,0,0,0,0,1,0,0,0,0,0,9940,360.0,290.0,16.0,100.0,1.0,1.0,0.0,0.0,0.0,0.0,0.0,0.0,0.0,0.0,offshore
heera,bassein (zone b),india,unknown,mumbai offshore,ongc,oil,declining production,paleogene,limestone,offshore,offshore,0,0,0,0,0,1,0,0,0,0,0,0,0,0,0,0,0,0,0,0,0,0,1,0,0,0,0,0,0,4542,230.0,82.0,12.0,0.8,1.0,1.0,0.0,0.0,0.0,0.0,0.0,0.0,1.0,0.0,offshore
hugoton-panhandle,chase (hugoton),usa,north america,anadarko,numerous,gas,declining production,permian,dolomite,onshore,onshore,0,1,0,1,0,0,0,0,0,0,0,0,0,0,0,0,0,0,0,1,0,0,0,0,0,0,0,0,0,1700,240.0,45.0,14.0,5.0,0.0,0.0,0.0,0.0,0.0,0.0,0.0,0.0,0.0,0.0,onshore
cusiana,mirador,colombia,latin america,llanos,bp and others,oil,declining production,paleogene,sandstone,onshore,onshore,0,1,0,0,0,0,0,0,0,0,1,0,0,0,0,0,0,0,0,1,0,0,0,0,0,0,1,1,0,13000,400.0,200.0,9.0,100.0,0.0,0.0,0.0,0.0,0.0,0.0,0.0,0.0,0.0,0.0,onshore
clyde,fulmar,uk,europe,north sea central,talisman,oil,nearly depleted,jurassic,thinly-bedded sandstone,offshore,offshore,0,0,0,0,1,1,1,0,0,0,0,0,0,0,0,0,0,0,0,0,0,0,0,1,1,0,0,0,0,11787,650.0,390.0,20.0,350.0,1.0,1.0,0.0,0.0,0.0,0.0,0.0,0.0,0.0,0.0,offshore
bongkot,malay ii,thailand,far east,malay,pttep,gas-condensate,plateau production,neogene,sandstone,offshore,offshore,0,1,0,0,0,1,0,1,0,0,0,1,0,0,0,0,1,0,0,0,0,1,0,0,0,0,0,0,1,3020,3400.0,120.0,22.0,160.0,1.0,1.0,0.0,1.0,0.0,0.0,0.0,0.0,0.0,0.0,offshore
gidgealpa,hutton,australia,unknown,eromanga,santos,oil,plateau production,jurassic,sandstone,onshore,onshore,0,1,0,0,0,1,0,1,0,0,0,0,0,0,0,0,0,0,0,0,1,0,0,0,0,0,0,0,0,5392,600.0,50.0,18.0,1000.0,0.0,0.0,0.0,0.0,0.0,0.0,0.0,0.0,0.0,0.0,onshore
alibekmola,kt ii,kazakhstan,former soviet union,caspian north,kazakhoil aktobe,oil,developing,carboniferous,limestone,onshore,onshore-offshore,0,1,0,0,1,0,0,0,0,0,0,0,0,0,0,0,0,0,0,1,0,0,0,0,0,1,0,0,0,9580,607.0,108.0,10.0,20.0,0.0,0.0,0.0,0.0,0.0,0.0,0.0,0.0,0.0,0.0,onshore
venture,mic mac-missisauga,canada,north america,scotian,sable offshore energy,gas,developing,jurassic-cretaceous,sandstone,offshore,offshore,0,0,0,0,0,1,1,0,0,0,1,0,0,0,0,0,0,0,0,0,0,0,1,0,0,0,0,0,0,14231,5249.0,500.0,14.0,30.0,1.0,1.0,0.0,0.0,0.0,0.0,0.0,0.0,0.0,0.0,offshore
billings nose,mission canyon (big stick field),usa,north america,williston,numerous,oil,mature production,carboniferous,dolomite,onshore,onshore,0,0,0,0,0,1,0,0,0,0,0,0,0,0,0,0,0,0,0,0,1,0,0,0,0,0,0,0,0,9450,100.0,18.0,17.0,20.0,0.0,0.0,0.0,0.0,0.0,0.0,0.0,0.0,0.0,0.0,onshore
dongfang 1-1,yinggehai,china,far east,yinggehai,cnooc,gas,developing,neogene,sandstone,offshore,offshore,0,0,0,0,0,1,0,0,1,0,1,0,0,0,1,0,0,0,0,0,0,0,0,1,0,0,0,0,1,3717,660.0,308.0,25.0,88.3,1.0,1.0,0.0,1.0,0.0,0.0,0.0,0.0,0.0,0.0,offshore
kemnitz,hueco,usa,north america,permian,tenneco,oil,nearly depleted,permian,limestone,onshore,onshore,0,1,0,0,0,0,0,0,0,0,0,0,0,0,0,0,0,0,0,1,0,0,0,0,0,0,0,0,0,10500,120.0,60.0,9.0,9.0,0.0,0.0,0.0,0.0,0.0,0.0,0.0,0.0,0.0,0.0,onshore
vacuum,san andres,usa,north america,permian,exxonmobil /conocophillips /chevron,oil,declining production,permian,dolomite,onshore,onshore,0,1,0,0,0,0,0,0,0,0,0,0,0,0,0,0,0,0,0,1,0,0,0,0,0,0,0,0,0,4250,370.0,150.0,12.0,17.0,0.0,0.0,0.0,0.0,0.0,0.0,0.0,0.0,0.0,0.0,onshore
zakum,thamama zone ii,unknown,unknown,rub al khali,adma /zadco,oil,plateau production,cretaceous,limestone,onshore-offshore,onshore-offshore,0,1,0,0,1,0,1,0,0,0,0,0,0,0,0,0,0,0,0,1,0,0,0,0,1,0,0,0,0,6940,145.0,140.0,25.0,30.0,1.0,1.0,0.0,1.0,0.0,0.0,0.0,0.0,0.0,0.0,offshore
pembina,cardium (pembina river),canada,north america,western canada,numerous,oil,mature production,cretaceous,sandstone,onshore,onshore,0,1,0,0,0,0,0,0,0,0,0,0,0,0,0,0,0,0,0,1,0,0,0,0,0,0,0,0,0,4000,50.0,19.3,13.9,24.0,0.0,0.0,0.0,0.0,0.0,0.0,0.0,0.0,0.0,0.0,onshore
raman,mardin-raman,turkey,middle east,taurus/zagros,tpao,oil,plateau production,cretaceous,limestone,onshore,onshore,0,1,0,0,1,0,0,0,0,0,0,0,0,0,0,0,0,0,0,0,0,0,0,0,0,0,0,1,0,3691,175.0,115.0,14.0,10.0,0.0,0.0,0.0,0.0,0.0,0.0,0.0,0.0,0.0,0.0,onshore
yaerxia,xiagou,china,far east,jiuquan,petrochina,oil,declining production,cretaceous,sandstone,onshore,onshore,0,1,0,1,0,0,0,0,0,0,0,0,0,0,0,0,0,0,0,0,0,0,0,0,0,0,0,1,0,11040,620.0,115.0,8.5,2.45,0.0,0.0,0.0,0.0,0.0,0.0,0.0,0.0,0.0,0.0,onshore
romashkino,pashiy (d-1 pool),russia,former soviet union,volga-ural,tatneft,oil,mature production,devonian,sandstone,onshore,onshore,0,1,0,1,0,0,0,0,0,0,0,0,0,0,0,0,0,0,0,1,0,0,0,0,0,0,0,0,0,5463,115.0,29.0,19.0,375.0,0.0,0.0,0.0,0.0,0.0,0.0,0.0,0.0,0.0,0.0,onshore
gasikule,upper ganchaigou-lower youshas,unknown,unknown,qaidam,petrochina,oil,plateau production,neogene,sandstone,onshore,onshore,0,1,0,0,0,0,0,0,0,0,0,0,0,0,0,0,0,0,0,0,0,0,0,0,0,0,0,1,0,4199,3281.0,81.0,19.0,102.0,0.0,0.0,0.0,0.0,0.0,0.0,0.0,0.0,0.0,0.0,onshore
villeperdue,dalle nacree,france,europe,paris,coparex /triton,oil,mature production,jurassic,limestone,onshore,onshore,0,0,0,0,0,1,0,0,0,0,0,0,0,0,0,0,0,0,0,0,1,0,0,0,0,0,0,0,0,5990,75.0,60.0,14.0,10.0,0.0,0.0,0.0,0.0,0.0,0.0,0.0,0.0,0.0,0.0,onshore
uzen,units xiii-xviii,unknown,unknown,mangyshlak - ustyurt,mangystaumunaigaz,oil,mature production,jurassic,sandstone,onshore,onshore,0,1,0,0,0,1,0,1,0,0,0,0,0,0,0,0,0,0,0,0,0,1,0,1,0,0,0,0,0,3440,920.0,436.0,21.0,235.0,0.0,0.0,0.0,0.0,0.0,0.0,0.0,0.0,0.0,0.0,onshore
candeias,gomo (candeias),brazil,latin america,reconcavo,petrobras,oil,mature production,cretaceous,conglomerate,onshore,onshore-offshore,0,0,0,0,0,1,0,0,0,0,0,0,0,0,0,0,0,0,0,0,0,0,0,1,0,0,0,0,0,2116,1476.0,180.0,15.0,30.0,0.0,0.0,0.0,0.0,0.0,0.0,0.0,0.0,0.0,0.0,onshore
ula,ula,unknown,unknown,central graben,bp,oil,mature production,jurassic,sandstone,offshore,offshore,0,1,0,0,1,1,0,1,0,0,0,0,0,0,0,0,0,0,0,0,0,1,0,1,1,0,0,0,0,10744,410.0,377.0,16.5,300.0,1.0,1.0,0.0,0.0,0.0,0.0,0.0,0.0,0.0,0.0,offshore
nipisi,watt mountain (gilwood a pool),canada,north america,western canada,bp,oil,mature production,devonian,sandstone,onshore,onshore,0,1,0,0,0,0,0,0,0,0,0,0,0,0,0,0,0,0,0,1,0,0,0,0,0,0,0,0,0,5500,100.0,14.0,13.5,250.0,0.0,0.0,0.0,0.0,0.0,0.0,0.0,0.0,0.0,0.0,onshore
minas,bekasap,indonesia,far east,sumatra central,caltex pacific indonesia,oil,mature production,neogene,sandstone,onshore,onshore-offshore,1,0,0,0,0,1,0,1,0,0,0,1,0,1,0,0,1,0,0,0,0,1,0,0,0,0,0,0,0,1960,600.0,200.0,26.0,500.0,0.0,0.0,1.0,0.0,0.0,0.0,0.0,0.0,0.0,0.0,onshore
north ward-estes,yates,usa,unknown,permian,whiting oil and gas,oil,rejuvenating,permian,siltstone,onshore,onshore,0,1,0,0,0,0,0,0,0,0,0,0,0,0,0,0,0,0,0,1,0,0,0,0,0,0,0,0,0,2600,300.0,100.0,11.0,16.0,0.0,0.0,0.0,0.0,0.0,0.0,0.0,0.0,0.0,0.0,onshore
penwell,san andres,usa,north america,permian,chevron /conocophillips /total,oil,declining production,permian,dolomite,onshore,onshore,0,1,0,0,0,0,0,0,0,0,0,0,0,0,0,0,0,0,0,1,0,0,0,0,0,0,0,0,0,3250,400.0,118.0,11.0,3.0,0.0,0.0,0.0,0.0,0.0,0.0,0.0,0.0,0.0,0.0,onshore
taglu,reindeer,canada,north america,beaufort-mackenzie,imperial oil resources,gas,undeveloped,paleogene,sandstone,onshore,onshore-offshore,0,1,0,1,0,1,0,1,0,0,0,0,0,0,0,0,0,1,0,0,0,0,1,0,0,0,0,0,0,7382,1970.0,427.0,17.0,150.0,0.0,0.0,0.0,0.0,0.0,0.0,0.0,0.0,0.0,0.0,onshore
lloydminster area,waseca,canada,north america,western canada,husky energy,oil,plateau production,cretaceous,sandstone,onshore,onshore,0,1,0,1,0,0,0,0,0,0,0,0,0,0,0,0,0,0,0,1,0,0,0,0,0,0,0,0,0,1900,90.0,50.0,34.0,2000.0,0.0,0.0,0.0,0.0,0.0,0.0,0.0,0.0,0.0,0.0,onshore
port acres,lower hackberry (frio),usa,north america,gulf of mexico northern onshore,pan american petroleum,gas-condensate,abandoned,paleogene,shaly sandstone,onshore,onshore,0,0,0,0,1,1,1,0,0,0,0,0,1,0,0,0,0,1,0,0,0,0,1,0,1,0,0,0,0,10376,400.0,26.0,29.0,275.0,0.0,0.0,0.0,0.0,0.0,0.0,0.0,1.0,0.0,0.0,onshore
elk basin,madison,usa,north america,big horn,numerous,oil,mature production,carboniferous,dolomite,onshore,onshore,0,1,0,0,0,1,0,0,1,0,0,0,0,0,0,0,0,0,0,1,0,0,0,0,0,0,0,1,0,4350,780.0,205.0,12.0,7.0,0.0,0.0,0.0,0.0,0.0,0.0,0.0,0.0,0.0,0.0,onshore
jay,smackover,usa,north america,gulf of mexico northern onshore,exxonmobil,oil,nearly depleted,jurassic,dolomite,onshore,onshore,0,0,0,0,1,1,1,0,0,0,0,0,1,0,0,0,0,0,0,0,0,0,1,0,0,1,0,0,0,15295,350.0,100.0,14.0,35.0,0.0,0.0,0.0,0.0,0.0,0.0,0.0,1.0,0.0,0.0,onshore
brage,statfjord,norway,europe,north sea northern,statoilhydro,oil,declining production,triassic-jurassic,sandstone,offshore,offshore,0,0,0,0,0,1,0,0,0,0,0,0,0,0,0,0,0,0,0,0,0,0,0,1,0,0,0,0,0,7096,312.0,82.0,24.0,1500.0,1.0,1.0,0.0,0.0,0.0,0.0,0.0,0.0,0.0,0.0,offshore
wembley,halfway,canada,north america,western canada,bp and others,oil,declining production,triassic,sandstone,onshore,onshore,0,1,0,0,0,0,0,0,0,0,0,0,0,0,0,0,0,0,0,1,0,0,0,0,0,0,0,0,0,6125,80.0,22.0,10.2,60.0,0.0,0.0,0.0,0.0,0.0,0.0,0.0,0.0,0.0,0.0,onshore
yibal,khuff,unknown,unknown,fahud salt,pdo,oil,declining production,permian,dolomite,onshore,onshore,0,1,0,0,1,0,0,0,0,0,0,0,0,0,0,0,0,0,0,1,0,0,0,0,1,0,0,0,0,9219,670.0,250.0,15.0,5.0,0.0,0.0,0.0,0.0,0.0,0.0,0.0,0.0,0.0,0.0,onshore
palm valley,pacoota and stairway,unknown,unknown,amadeus,magellan petroleum,gas,declining production,ordovician,sandstone,onshore,onshore,0,1,0,0,1,0,0,0,0,0,0,0,0,0,0,0,0,0,0,0,1,0,0,0,0,0,0,0,0,5656,2300.0,174.0,4.0,0.01,0.0,0.0,0.0,0.0,0.0,0.0,0.0,0.0,0.0,0.0,onshore
defa,waha-defa,libya,africa,sirt,lnoc,oil,unknown,cretaceous-paleogene,limestone,onshore,onshore-offshore,0,0,0,0,0,1,0,1,0,0,0,0,0,0,0,0,0,0,0,0,0,0,0,1,0,0,0,0,0,5193,860.0,210.0,20.0,20.0,0.0,0.0,0.0,0.0,0.0,0.0,0.0,0.0,0.0,0.0,onshore
aneth,paradox (desert creek),usa,north america,paradox,chevron /exxonmobil,oil,nearly depleted,carboniferous,dolomite,onshore,onshore,0,1,0,0,1,1,0,0,0,0,0,0,0,0,0,0,0,0,0,0,1,0,0,0,0,0,0,0,0,5470,100.0,50.0,10.0,15.0,0.0,0.0,0.0,0.0,0.0,0.0,0.0,0.0,0.0,0.0,onshore
numbi,vermelha,angola,africa,congo,chevron,oil,plateau production,cretaceous,sandstone,offshore,offshore,0,0,0,0,1,1,1,0,0,0,0,0,1,0,0,0,0,0,0,0,0,0,1,0,0,0,0,0,0,3065,450.0,150.0,24.0,500.0,1.0,1.0,0.0,0.0,0.0,0.0,0.0,0.0,0.0,0.0,offshore
erskine,heather,uk,europe,north sea central,chevron,gas-condensate,declining production,jurassic,sandstone,offshore,offshore,0,1,0,0,0,1,0,1,0,0,0,0,0,0,0,0,0,0,0,0,0,0,0,1,0,0,0,0,0,14900,60.0,50.0,20.0,18.0,1.0,1.0,0.0,0.0,0.0,0.0,0.0,0.0,0.0,0.0,offshore
wubaiti,huanglong,unknown,unknown,sichuan,petrochina,gas,developing,carboniferous,dolomite,onshore,onshore,0,1,0,0,0,0,0,0,0,0,0,0,0,0,0,0,0,0,0,0,0,0,0,0,0,0,0,1,0,13780,98.0,79.0,6.0,0.77,0.0,0.0,0.0,0.0,0.0,0.0,0.0,0.0,0.0,0.0,onshore
patrick draw,almond,usa,north america,greater green river,anadarko,oil,rejuvenating,cretaceous,sandstone,onshore,onshore,0,1,0,1,0,0,0,0,0,0,0,0,0,0,0,0,0,0,0,1,0,0,0,0,0,0,0,0,0,4300,70.0,20.0,20.0,36.0,0.0,0.0,0.0,0.0,0.0,0.0,0.0,0.0,0.0,0.0,onshore
muravlenkov,megion,russia,former soviet union,siberian western,sibneft (muravlenkovskneft),oil,declining production,cretaceous,sandstone,onshore,onshore,0,1,0,0,0,0,0,0,0,0,0,0,0,0,0,0,0,0,0,0,1,0,0,0,0,0,0,0,0,8399,1476.0,102.0,18.5,45.0,0.0,0.0,0.0,0.0,0.0,0.0,0.0,0.0,0.0,0.0,onshore
sirikit,lan krabu,thailand,far east,phitsanulok,shell,oil,plateau production,neogene,sandstone,onshore,onshore,1,0,0,0,0,0,0,0,0,0,0,1,0,0,1,0,0,0,0,0,0,0,0,0,0,0,0,0,1,4623,1772.0,262.0,20.0,50.0,0.0,0.0,0.0,0.0,0.0,0.0,0.0,0.0,0.0,0.0,onshore
west cheyenne,upper morrow (puryear),usa,north america,anadarko,apache /burlington,gas,mature production,carboniferous,conglomerate,onshore,onshore,0,1,0,1,0,0,0,0,0,0,0,0,0,0,0,0,0,0,0,1,0,0,0,0,0,0,0,0,0,14500,46.0,23.0,13.0,0.4,0.0,0.0,0.0,0.0,0.0,0.0,0.0,0.0,0.0,0.0,onshore
xiaoji,kongdian-1,china,far east,bohai,petrochina,oil,declining production,paleogene,sandstone,onshore-offshore,onshore-offshore,0,0,0,0,0,1,0,0,0,0,0,0,0,0,0,0,0,0,0,0,0,0,0,1,0,0,0,0,0,8750,1230.0,125.0,15.6,83.0,0.0,0.0,0.0,0.0,0.0,0.0,0.0,0.0,0.0,0.0,onshore
pokachev,vartov (bv6),russia,former soviet union,siberian western,surgutneftegas,oil,declining production,cretaceous,sandstone,onshore,onshore,0,1,0,0,0,0,0,0,0,0,0,0,0,0,0,0,0,0,0,0,1,0,0,0,0,0,0,0,0,7529,52.0,19.0,20.0,170.0,0.0,0.0,0.0,0.0,0.0,0.0,0.0,0.0,0.0,0.0,onshore
pampo,macae (quissama),brazil,latin america,campos,petrobras,oil,declining production,cretaceous,limestone,offshore,onshore-offshore,0,0,0,0,1,1,1,0,0,0,0,0,0,0,0,0,0,0,0,0,0,0,1,0,1,0,0,0,0,5781,650.0,280.0,25.0,800.0,1.0,1.0,0.0,0.0,0.0,0.0,0.0,0.0,0.0,0.0,offshore
jingbian,majiagou-5,china,far east,ordos,petrochina,gas,developing,ordovician,dolomite,onshore,onshore,0,1,0,1,0,0,0,0,0,0,0,0,0,0,0,0,0,0,0,1,0,0,0,0,0,0,0,0,0,9800,150.0,47.0,5.6,3.0,0.0,0.0,0.0,0.0,0.0,0.0,0.0,0.0,0.0,0.0,onshore
wytch farm,sherwood,uk,europe,wessex,bp,oil,declining production,triassic,sandstone,onshore-offshore,onshore-offshore,0,1,0,0,0,1,0,1,0,0,0,0,0,0,0,0,0,0,0,0,0,1,0,1,0,0,0,0,0,4954,525.0,150.0,18.0,100.0,0.0,0.0,1.0,0.0,0.0,0.0,0.0,0.0,0.0,0.0,onshore-offshore
branton,cotton valley lime,usa,north america,gulf of mexico northern onshore,marathon,gas,nearly depleted,jurassic,chalky limestone,onshore,onshore,0,0,0,0,1,1,1,0,0,0,0,0,0,0,0,0,0,0,0,0,0,0,1,0,1,0,0,0,0,14810,375.0,200.0,25.0,5.0,0.0,0.0,0.0,0.0,0.0,0.0,0.0,1.0,0.0,0.0,onshore
indefatigable,leman sandstone,uk,unknown,north sea southern,shell /perenco,gas,nearly depleted,permian,sandstone,offshore,onshore-offshore,0,1,0,0,1,1,1,1,0,0,0,0,0,0,0,0,0,0,0,0,0,1,0,0,0,1,0,0,0,7400,200.0,197.0,15.0,30.0,1.0,1.0,0.0,0.0,0.0,0.0,0.0,0.0,0.0,0.0,offshore
midgard,fangst,norway,europe,mid-norway shelf,statoilhydro,gas,developing,jurassic,sandstone,offshore,offshore,0,0,0,1,0,1,0,0,0,0,0,0,0,0,0,0,0,0,0,0,0,0,0,1,0,0,0,0,0,6480,459.0,380.0,27.5,5625.0,1.0,1.0,0.0,0.0,0.0,0.0,0.0,0.0,0.0,0.0,offshore
elk-poca,oriskany,usa,north america,appalachian,numerous,gas,nearly depleted,devonian,sandstone,onshore,onshore,0,1,0,1,0,0,0,0,0,0,0,0,0,0,0,0,0,0,0,1,0,0,0,0,0,0,0,0,0,4850,35.0,11.0,8.0,27.5,0.0,0.0,0.0,0.0,0.0,0.0,0.0,0.0,0.0,0.0,onshore
rincon,frio-vicksburg,usa,north america,gulf of mexico northern onshore,conocophillips,oil,mature production,paleogene,sandstone,onshore,onshore,0,0,0,0,0,1,1,0,0,0,1,0,1,0,0,0,0,1,0,0,0,0,1,0,0,0,0,0,0,3400,1000.0,150.0,26.0,80.0,0.0,0.0,0.0,0.0,0.0,0.0,0.0,1.0,0.0,0.0,onshore
lanwa,kalol,india,far east,cambay,ongc,oil,declining production,paleogene,sandstone,onshore,onshore-offshore,0,1,0,0,0,1,0,1,0,0,0,0,0,0,0,0,0,0,0,0,0,0,0,1,0,0,0,0,0,2873,148.0,33.0,30.0,5000.0,0.0,0.0,0.0,0.0,0.0,0.0,0.0,0.0,0.0,0.0,onshore
joffre,viking,canada,north america,western canada,vikor resources,oil,nearly depleted,cretaceous,sandstone,onshore,onshore,0,1,0,0,0,0,0,0,0,0,0,0,0,0,0,0,0,0,0,1,0,0,0,0,0,0,0,0,0,4921,115.0,10.0,13.2,190.0,0.0,0.0,0.0,0.0,0.0,0.0,0.0,0.0,0.0,0.0,onshore
mcarthur river,hemlock conglomerate,usa,north america,cook inlet,chevron,oil,nearly depleted,paleogene,conglomerate,offshore,onshore-offshore,0,1,0,0,0,1,0,1,0,0,0,0,0,0,0,0,0,0,1,0,0,1,0,0,0,0,0,0,0,8780,500.0,290.0,11.0,125.0,1.0,1.0,0.0,0.0,0.0,0.0,1.0,0.0,0.0,0.0,offshore
hibernia,avalon,canada,north america,jeanne d arc,hibernia management development co,oil,developing,cretaceous,sandstone,offshore,offshore,0,0,0,1,1,1,1,0,0,0,0,0,0,0,0,0,0,0,0,0,0,0,0,1,1,0,0,0,0,6627,1180.0,115.0,20.0,220.0,1.0,1.0,0.0,0.0,0.0,0.0,0.0,0.0,0.0,0.0,offshore
erskine,pentland,uk,europe,north sea central,chevron,gas-condensate,declining production,jurassic,sandstone,offshore,offshore,0,1,0,0,0,1,0,1,0,0,0,0,0,0,0,0,0,0,0,0,0,0,0,1,0,0,0,0,0,14700,500.0,150.0,16.0,10.0,1.0,1.0,0.0,0.0,0.0,0.0,0.0,0.0,0.0,0.0,offshore
kuleshov,a3,russia,former soviet union,volga-ural,kuybyshevneft,oil,nearly depleted,carboniferous,sandstone,onshore,onshore,0,1,0,0,1,0,0,0,0,0,0,0,0,0,0,0,0,0,0,1,0,0,0,0,0,0,0,0,0,5266,70.0,46.0,20.0,177.0,0.0,0.0,0.0,0.0,0.0,0.0,0.0,0.0,0.0,0.0,onshore
shatlyk,shatlyk (shatlyk east),turkmenistan,former soviet union,amu darya,turkmengas,gas,mature production,cretaceous,sandstone,onshore,onshore,0,1,0,0,1,0,0,0,0,0,0,0,0,0,0,0,0,0,0,1,0,0,0,0,0,0,0,0,0,11000,148.0,63.0,21.8,222.0,0.0,0.0,0.0,0.0,0.0,0.0,0.0,0.0,0.0,0.0,onshore
slaughter,san andres,usa,north america,permian,numerous,oil,mature production,permian,dolomite,onshore,onshore,0,1,0,0,0,0,0,0,0,0,0,0,0,0,0,0,0,0,0,1,0,0,0,0,0,0,0,0,0,5100,900.0,70.0,12.0,10.0,0.0,0.0,0.0,0.0,0.0,0.0,0.0,0.0,0.0,0.0,onshore
lloydminster area,sparky,canada,north america,western canada,husky energy,oil,plateau production,cretaceous,sandstone,onshore,onshore,0,1,0,1,0,0,0,0,0,0,0,0,0,0,0,0,0,0,0,1,0,0,0,0,0,0,0,0,0,1900,58.0,33.0,30.0,2000.0,0.0,0.0,0.0,0.0,0.0,0.0,0.0,0.0,0.0,0.0,onshore
orocual,san juan,unknown,unknown,maturin,pdvsa,oil,declining production,cretaceous-paleogene,sandstone,onshore,onshore,0,1,0,0,0,1,0,0,1,0,0,0,0,0,0,0,0,0,0,0,0,0,1,0,0,0,0,1,0,12550,1000.0,650.0,6.0,5.0,0.0,0.0,0.0,0.0,0.0,0.0,0.0,0.0,0.0,0.0,onshore
glenburn,mission canyon (frobisher-alida),unknown,unknown,williston,anschutz and others,oil,mature production,carboniferous,limestone,onshore,onshore,0,1,0,0,0,0,0,0,0,0,0,0,0,0,0,0,0,0,0,0,1,0,0,0,0,0,0,0,0,4840,100.0,10.0,17.0,24.0,0.0,0.0,0.0,0.0,0.0,0.0,0.0,0.0,0.0,0.0,onshore
carthage,lower pettet (sligo),usa,north america,gulf of mexico northern onshore,numerous,gas,rejuvenating,cretaceous,limestone,onshore,onshore,0,0,0,0,1,1,1,0,0,0,0,0,0,0,0,0,0,0,0,0,0,0,1,0,0,0,0,0,0,5852,250.0,15.0,18.0,35.0,0.0,0.0,0.0,0.0,0.0,0.0,0.0,1.0,0.0,0.0,onshore
west tebuk,f2-f0,russia,unknown,timan-pechora,komineft,oil,declining production,devonian,limestone,onshore,onshore-offshore,0,1,0,0,1,0,0,0,0,0,0,0,0,0,0,0,0,0,0,1,0,1,0,0,0,0,0,0,0,3493,980.0,200.0,12.0,200.0,0.0,0.0,0.0,0.0,0.0,0.0,0.0,0.0,0.0,0.0,onshore
sunrise-troubadour,plover,australia,far east,bonaparte,woodside,gas-condensate,undeveloped,jurassic,sandstone,offshore,onshore-offshore,0,0,0,0,0,1,0,0,0,0,0,0,0,0,1,0,0,0,0,0,0,0,1,0,0,0,0,0,1,6660,591.0,279.0,14.0,28.0,1.0,1.0,0.0,0.0,0.0,0.0,0.0,0.0,0.0,0.0,offshore
north anderson ranch,hueco,usa,north america,permian,gulf oil,oil,nearly depleted,permian,limestone,onshore,onshore,0,1,0,0,0,0,0,0,0,0,0,0,0,0,0,0,0,0,0,1,0,0,0,0,0,0,0,0,0,9600,120.0,35.0,9.0,124.0,0.0,0.0,0.0,0.0,0.0,0.0,0.0,0.0,0.0,0.0,onshore
elk basin,tensleep,usa,north america,big horn,numerous,oil,abandoned,carboniferous,sandstone,onshore,onshore,0,1,0,0,0,1,0,0,1,0,0,0,0,0,0,0,0,0,0,1,0,0,0,0,0,0,0,1,0,4000,250.0,110.0,17.0,150.0,0.0,0.0,0.0,0.0,0.0,0.0,0.0,0.0,0.0,0.0,onshore
kadi north,kalol,india,far east,cambay,ongc,oil,rejuvenating,paleogene,sandstone,onshore,onshore-offshore,0,1,0,0,0,1,0,1,0,0,0,0,0,0,0,0,0,0,0,0,0,1,0,1,0,0,0,0,0,3136,492.0,21.0,30.0,4000.0,0.0,0.0,0.0,0.0,0.0,0.0,0.0,0.0,0.0,0.0,onshore
hibernia,hibernia,canada,north america,jeanne d arc,hibernia management development co,oil,plateau production,cretaceous,sandstone,offshore,offshore,0,0,0,1,1,1,1,0,0,0,0,0,0,0,0,0,0,0,0,0,0,0,0,1,1,0,0,0,0,10890,650.0,128.0,16.0,700.0,1.0,1.0,0.0,0.0,0.0,0.0,0.0,0.0,0.0,0.0,offshore
el furrial,merecure (naricual-los jabillos),venezuela,latin america,eastern venezuela,pdvsa,oil,plateau production,paleogene,sandstone,onshore,onshore,0,1,0,0,0,0,0,0,0,0,0,0,0,0,0,0,0,0,0,0,0,0,0,0,0,0,0,1,0,12750,1600.0,850.0,15.0,480.0,0.0,0.0,0.0,0.0,0.0,0.0,0.0,0.0,0.0,0.0,onshore
harmattan-elkton,turner valley (rundle c pool),unknown,unknown,western canada,bp and others,gas-condensate,mature production,carboniferous,dolomite,onshore,onshore,0,1,0,1,0,0,0,0,0,0,0,0,0,0,0,0,0,0,0,1,0,0,0,0,0,0,0,0,0,8750,140.0,70.0,12.0,125.0,0.0,0.0,0.0,0.0,0.0,0.0,0.0,0.0,0.0,0.0,onshore
penal-barrackpore,herrera,trinidad and tobago,latin america,eastern venezuela,petrotrin,oil,nearly depleted,neogene,sandstone,onshore,onshore,1,0,0,0,0,0,0,0,0,0,0,1,0,1,0,0,0,0,0,1,0,0,0,0,0,0,1,1,0,2100,2000.0,1000.0,25.0,100.0,0.0,0.0,1.0,0.0,0.0,0.0,0.0,0.0,0.0,0.0,onshore
everest,forties,uk,europe,north sea central,bp,gas-condensate,declining production,paleogene,sandstone,offshore,offshore,0,0,0,0,1,1,1,0,0,0,0,0,0,0,0,0,0,0,0,0,0,0,0,1,0,0,0,0,0,8008,85.0,50.0,22.0,27.0,1.0,1.0,0.0,0.0,0.0,0.0,0.0,0.0,0.0,0.0,offshore
tia juana,la rosa-lagunillas (tia juana onshore area),unknown,unknown,maracaibo,pdvsa,oil,mature production,neogene,sandstone,onshore,onshore,0,1,0,1,0,0,0,0,0,0,0,0,0,0,0,0,0,0,0,1,0,0,0,0,0,0,0,0,1,1400,500.0,120.0,35.0,1200.0,0.0,0.0,0.0,0.0,0.0,0.0,0.0,1.0,0.0,0.0,onshore-offshore
victory,lansing-kansas city,usa,north america,anadarko,bp,oil,mature production,carboniferous,limestone,onshore,onshore,0,1,0,1,0,0,0,0,0,0,0,0,0,0,0,0,0,0,0,1,0,0,0,0,0,0,0,0,0,4075,150.0,10.0,22.0,85.0,0.0,0.0,0.0,0.0,0.0,0.0,0.0,0.0,0.0,0.0,onshore
tommeliten gamma,tor-ekofisk,norway,europe,north sea central,statoilhydro,gas-condensate,abandoned,cretaceous-paleogene,chalk,offshore,offshore,0,0,0,0,1,1,1,0,0,0,0,0,0,0,0,0,0,0,0,0,0,1,0,1,1,0,0,0,0,9629,640.0,550.0,20.0,0.8,1.0,1.0,0.0,0.0,0.0,0.0,0.0,0.0,0.0,0.0,offshore
serang,balikpapan (upper deltaic sequence),indonesia,far east,kutai,chevron,oil,mature production,neogene,sandstone,offshore,onshore-offshore,0,1,0,0,0,1,0,1,0,0,1,0,0,0,0,0,1,0,0,0,0,0,0,0,0,0,0,0,0,5675,500.0,180.0,28.0,1628.0,1.0,1.0,1.0,0.0,1.0,0.0,0.0,0.0,0.0,0.0,offshore
tor,tor-ekofisk,norway,europe,north sea central,conocophillips,oil,mature production,cretaceous-paleogene,chalk,offshore,offshore,0,0,0,0,1,1,1,0,0,0,0,0,0,0,0,0,0,0,0,0,0,1,0,1,1,0,0,0,0,9520,800.0,490.0,21.0,0.6,1.0,1.0,0.0,0.0,0.0,0.0,0.0,0.0,0.0,0.0,offshore
dzhigalybeg,red series,turkmenistan,former soviet union,caspian south,dragon oil,oil,developing,neogene,sandstone,onshore-offshore,onshore-offshore,0,1,0,0,1,1,0,0,1,0,0,0,0,0,0,0,0,0,0,0,0,0,0,0,0,0,0,1,0,10100,8200.0,260.0,18.0,100.0,1.0,1.0,0.0,0.0,0.0,0.0,0.0,0.0,0.0,0.0,offshore
empire abo,abo,unknown,unknown,delaware,bp,oil,nearly depleted,permian,dolomite,onshore,onshore,0,1,0,0,0,0,0,0,0,0,0,0,0,0,0,0,0,0,0,1,0,0,0,0,0,0,0,0,0,5600,300.0,151.0,10.0,50.0,0.0,0.0,0.0,0.0,0.0,0.0,0.0,0.0,0.0,0.0,onshore
karachaganak,unnamed,kazakhstan,former soviet union,caspian north,karachaganak integrated oraganization,gas-condensate,rejuvenating,devonian-permian,limestone,onshore,onshore-offshore,0,1,0,0,1,0,0,0,0,0,0,0,0,0,0,0,0,0,0,1,0,0,0,0,0,1,0,0,0,11870,6600.0,2600.0,10.0,8.0,0.0,0.0,0.0,0.0,0.0,0.0,0.0,0.0,0.0,0.0,onshore
north robertson,clearfork-glorieta,unknown,unknown,permian,total,oil,second plateau prodution,permian,dolomite,onshore,onshore,0,1,0,0,0,0,0,0,0,0,0,0,0,0,0,0,0,0,0,1,0,0,0,0,0,0,0,0,0,5800,1300.0,400.0,4.0,0.4,0.0,0.0,0.0,0.0,0.0,0.0,0.0,0.0,0.0,0.0,onshore
whitney canyon-carter creek,mission canyon,usa,north america,fossil,chevron /bp,gas-condensate,declining production,carboniferous,dolomite,onshore,onshore,0,1,0,0,0,0,0,0,0,0,0,0,0,0,0,0,0,0,0,0,0,0,0,0,0,0,1,0,0,13300,750.0,261.0,7.0,1.0,0.0,0.0,0.0,0.0,0.0,0.0,0.0,0.0,0.0,0.0,onshore
taber north,upper mannvile (a pool),unknown,unknown,western canada,canadian superior,oil,mature production,cretaceous,sandstone,onshore,onshore,0,1,0,1,0,0,0,0,0,0,0,0,0,0,0,0,0,0,0,1,0,0,0,0,0,0,0,0,0,3050,165.0,35.0,25.0,2000.0,0.0,0.0,0.0,0.0,0.0,0.0,0.0,0.0,0.0,0.0,onshore
peejay,halfway,canada,north america,western canada,canadian natural resources,oil,nearly depleted,triassic,sandstone,onshore,onshore,0,1,0,1,0,0,0,0,0,0,0,0,0,0,0,0,0,0,0,1,0,0,0,0,0,0,0,0,0,3800,85.0,12.8,12.0,120.0,0.0,0.0,0.0,0.0,0.0,0.0,0.0,0.0,0.0,0.0,onshore
henry,dakota sandstone,usa,north america,greater green river,cabot oil and gas,gas-condensate,declining production,cretaceous,sandstone,onshore,onshore,0,1,0,1,0,0,0,0,0,0,0,0,0,0,0,0,0,0,0,1,0,0,0,0,0,0,0,0,0,13665,350.0,19.0,14.0,43.4,0.0,0.0,0.0,0.0,0.0,0.0,0.0,0.0,0.0,0.0,onshore
bibi hakimeh,asmari,iran,middle east,zagros,nioc,oil,mature production,paleogene-neogene,dolomitic limestone,onshore,onshore,0,1,0,0,1,0,0,0,0,0,0,0,0,0,0,0,0,0,0,1,0,0,0,0,0,0,0,0,0,3150,1600.0,672.0,9.0,1.0,0.0,0.0,0.0,0.0,0.0,0.0,0.0,0.0,0.0,0.0,onshore
mitsue,watt mountain (gilwood a),canada,north america,western canada,chevron,oil,declining production,devonian,sandstone,onshore,onshore,0,1,0,0,0,0,0,0,0,0,0,0,0,0,0,0,0,0,0,1,0,0,1,0,0,0,0,0,0,5700,80.0,13.0,13.0,230.0,0.0,0.0,0.0,0.0,0.0,0.0,0.0,0.0,0.0,0.0,onshore
gasikule,lower ganchaigou,china,unknown,qaidam,petrochina,oil,plateau production,paleogene,sandstone,onshore,onshore,0,1,0,0,0,0,0,0,0,0,0,0,0,0,0,0,0,0,0,0,0,0,0,0,0,0,0,1,0,10427,804.0,93.0,14.0,48.0,0.0,0.0,0.0,0.0,0.0,0.0,0.0,0.0,0.0,0.0,onshore
nasser,zelten,libya,africa,sirt,lnoc,oil,mature production,paleogene,limestone,onshore,onshore-offshore,0,0,0,0,0,1,0,1,0,0,0,0,0,0,0,0,0,0,0,0,0,0,0,1,0,0,0,0,0,5430,300.0,120.0,22.0,1500.0,0.0,0.0,0.0,0.0,0.0,0.0,0.0,0.0,0.0,0.0,onshore
north sabine lake,lower hackberry (frio),usa,north america,gulf of mexico northern onshore,hillcorp energy,gas-condensate,mature production,paleogene,shaly sandstone,onshore,onshore,0,0,0,0,1,1,1,0,0,0,0,0,1,0,0,0,0,1,0,0,0,0,1,0,1,0,0,0,0,10940,265.0,130.0,26.0,425.0,0.9894,1.0,0.0,1.0,0.0,0.0,0.0,1.0,0.0,1.0,onshore
barracouta,latrobe (m1 unit),australia,far east,gippsland,exxonmobil /bhp billiton,oil,temporarily shut-in,paleogene,sandstone,offshore,onshore-offshore,0,1,0,1,0,1,0,1,0,0,0,0,0,0,0,0,0,0,0,0,0,1,0,1,0,0,0,0,0,4360,98.0,49.0,27.0,5000.0,1.0,1.0,0.0,0.0,0.0,0.0,0.0,0.0,0.0,0.0,offshore
ramba,baturaja,indonesia,far east,sumatra south,asamera,oil,declining production,neogene,limestone,onshore,onshore,1,0,0,0,0,1,0,1,0,0,0,1,0,1,0,0,1,0,0,0,0,1,0,0,0,0,0,0,0,2650,164.0,54.0,17.0,2000.0,0.0,0.0,1.0,0.0,0.0,0.0,0.0,0.0,0.0,0.0,onshore
wenmingzhai,shahejie,china,far east,bohai,sinopec,oil,mature production,paleogene,sandstone,onshore-offshore,onshore-offshore,0,0,0,0,0,1,0,0,0,0,0,0,0,0,0,0,0,0,0,0,0,0,0,1,0,0,0,0,0,4462,6562.0,153.0,25.0,420.0,0.0,0.0,0.0,0.0,0.0,0.0,0.0,0.0,0.0,0.0,onshore
khafji,ratawi limestone,neutral zone,middle east,the gulf,arabian oil co,oil,unknown,cretaceous,limestone,onshore-offshore,onshore-offshore,0,1,0,1,1,0,0,1,0,0,0,0,0,0,0,0,0,0,0,1,0,0,0,0,1,0,0,0,0,6825,550.0,173.0,22.0,17.0,1.0,1.0,0.0,1.0,0.0,0.0,0.0,0.0,0.0,0.0,offshore
badr el din-3,kharita,egypt,africa,abu gharadig,bapetco,gas-condensate,declining production,cretaceous,sandstone,onshore,onshore,0,0,0,0,0,1,0,0,0,0,0,0,0,0,0,0,0,0,0,0,0,0,0,1,0,0,0,0,0,11200,1378.0,446.0,14.0,340.0,0.0,0.0,0.0,0.0,0.0,0.0,0.0,0.0,0.0,0.0,onshore
anasazi,paradox (desert creek),usa,north america,paradox,rim energy,oil,declining production,carboniferous,dolomite,onshore,onshore,0,1,0,0,1,1,0,0,0,0,0,0,0,0,0,0,0,0,0,0,1,0,0,0,0,0,0,0,0,5575,80.0,46.0,14.0,15.0,0.0,0.0,0.0,0.0,0.0,0.0,0.0,0.0,0.0,0.0,onshore
bindley,warsaw,usa,north america,anadarko,conocophillips and others,oil,nearly depleted,carboniferous,dolomite,onshore,onshore,0,1,0,1,0,0,0,0,0,0,0,0,0,0,0,0,0,0,0,1,0,0,0,0,0,0,0,0,0,4580,50.0,12.0,15.0,35.0,0.0,0.0,0.0,0.0,0.0,0.0,0.0,0.0,0.0,0.0,onshore
korolev,numerous,kazakhstan,former soviet union,caspian north,tengizchevroil,oil,developing,carboniferous-permian,limestone,onshore,onshore-offshore,0,1,0,0,1,0,0,0,0,0,0,0,0,0,0,0,0,0,0,1,0,0,0,0,0,1,0,0,0,12746,3500.0,1500.0,6.0,6.0,0.0,0.0,0.0,0.0,0.0,0.0,0.0,0.0,0.0,0.0,onshore
suffield,upper mannville (j pool),canada,north america,western canada,alberta energy company /westcoast petroleum,oil,declining production,cretaceous,sandstone,onshore,onshore,0,1,0,1,0,0,0,0,0,0,0,0,0,0,0,0,0,0,0,1,0,0,0,0,0,0,0,0,0,2950,72.5,36.5,27.0,1000.0,0.0,0.0,0.0,0.0,0.0,0.0,0.0,0.0,0.0,0.0,onshore
lake creek,wilcox (g sand),usa,north america,gulf of mexico northern onshore,exxonmobil,gas,declining production,paleogene,sandstone,onshore,onshore,0,0,0,0,0,1,1,0,0,0,1,0,1,0,0,0,0,1,0,0,0,0,1,0,1,0,0,0,0,11487,290.0,70.0,11.0,0.44,0.0,0.0,0.0,0.0,0.0,0.0,0.0,1.0,0.0,1.0,onshore
shanshan,sanjianfang,china,far east,turpan (turfan),petrochina,oil,declining production,jurassic,sandstone,onshore,onshore,0,1,0,0,0,0,0,0,0,0,0,0,0,0,0,0,0,0,0,1,0,0,0,0,0,0,0,0,0,9186,951.0,67.0,12.0,7.9,0.0,0.0,0.0,0.0,0.0,0.0,0.0,0.0,0.0,0.0,onshore
hutton northwest,brent,uk,europe,north sea northern,bp,oil,abandoned,jurassic,sandstone,offshore,offshore,0,0,0,1,0,1,0,0,0,0,0,0,0,0,0,0,0,0,0,0,0,0,0,1,0,0,0,0,0,10525,410.0,180.0,18.0,100.0,1.0,1.0,0.0,0.0,0.0,0.0,0.0,0.0,0.0,0.0,offshore
wangchang,qianjiang,china,far east,jianghan,sinopec,oil,nearly depleted,paleogene,sandstone,onshore,onshore,0,0,0,0,1,1,1,0,0,0,0,0,0,0,0,0,0,0,0,0,0,0,0,1,0,0,0,0,0,2421,5900.0,28.0,18.3,386.0,0.0,0.0,0.0,0.0,0.0,0.0,0.0,0.0,0.0,0.0,onshore
iagifu-hedinia,toro,papua new guinea,far east,papuan ftb,chevron,oil,declining production,cretaceous,sandstone,onshore,onshore-offshore,0,1,0,0,0,0,0,0,0,0,0,0,0,0,0,0,0,0,0,0,0,0,0,0,0,0,0,1,0,5084,328.0,300.0,13.0,600.0,0.0,0.0,1.0,0.0,0.0,0.0,0.0,0.0,0.0,0.0,onshore
valhalla,kaskapau (doe creek i pool),canada,north america,western canada,petro-canada and others,oil,declining production,cretaceous,sandstone,onshore,onshore,0,1,0,0,0,0,0,0,0,0,0,0,0,0,0,0,0,0,0,1,0,0,0,0,0,0,0,0,0,2460,11.0,12.0,23.0,210.0,0.0,0.0,0.0,0.0,0.0,0.0,0.0,0.0,0.0,0.0,onshore
clipper,leman sandstone,uk,europe,north sea southern,shell,gas,declining production,permian,sandstone,offshore,onshore-offshore,0,1,0,0,1,1,1,1,0,0,0,0,0,0,0,0,0,0,0,0,0,1,0,0,0,1,0,0,0,7420,715.0,580.0,11.0,0.5,1.0,1.0,0.0,0.0,0.0,0.0,0.0,0.0,0.0,0.0,offshore
saih rawl,shuaiba,oman,middle east,ghaba salt,pdo,oil,plateau production,cretaceous,chalky limestone,onshore,onshore,0,1,0,1,1,1,1,0,0,0,0,0,0,0,0,0,0,0,0,1,0,0,0,0,1,0,0,0,0,4478,200.0,110.0,27.0,7.0,0.0,0.0,0.0,0.0,0.0,0.0,0.0,0.0,0.0,0.0,onshore
ford-geraldine,bell canyon,usa,north america,permian,conocophillips,oil,nearly depleted,permian,sandstone,onshore,onshore,0,1,0,0,0,0,0,0,0,0,0,0,0,0,0,0,0,0,0,1,0,0,0,0,0,0,0,0,0,2650,47.0,25.0,21.0,18.0,0.0,0.0,0.0,0.0,0.0,0.0,0.0,0.0,0.0,0.0,onshore
goturdepe,red series,turkmenistan,former soviet union,caspian south,turkmenneft,oil,mature production,neogene,sandstone,onshore-offshore,onshore-offshore,0,1,0,0,1,1,0,0,1,0,0,0,0,0,0,0,0,0,0,0,0,0,0,0,0,0,0,1,0,5200,7500.0,800.0,23.0,100.0,0.0,0.0,0.0,0.0,0.0,0.0,0.0,0.0,0.0,0.0,onshore
anschutz ranch east,nugget,usa,north america,western overthrust,bp,gas-condensate,declining production,jurassic,sandstone,onshore,onshore,0,1,0,0,0,0,0,0,0,0,0,0,0,0,0,0,0,0,0,0,0,0,0,0,0,0,1,0,0,12370,1020.0,816.0,10.0,3.0,0.0,0.0,0.0,0.0,0.0,0.0,0.0,0.0,0.0,0.0,onshore
rhourde el baguel,menkel /hassaouna,algeria,africa,ghadames,sonatrach,oil,rejuvenating,cambrian,sandstone,onshore,onshore,0,1,0,1,0,1,0,0,0,0,0,0,0,0,0,0,0,0,0,0,1,0,0,0,0,0,0,0,0,8200,1800.0,902.0,9.0,5.0,0.0,0.0,0.0,0.0,0.0,0.0,0.0,0.0,0.0,0.0,onshore
saih rawl,barik,oman,middle east,ghaba salt,pdo,gas-condensate,developing,cambrian-ordovician,sandstone,onshore,onshore,0,1,0,1,1,1,1,0,0,0,0,0,0,0,0,0,0,0,0,1,0,0,0,0,1,0,0,0,0,14600,700.0,450.0,9.0,7.0,0.0,0.0,0.0,0.0,0.0,0.0,0.0,0.0,0.0,0.0,onshore
turner valley,turner valley (rundle pool),canada,north america,western canada,talisman,oil,mature production,carboniferous,dolomite,onshore,onshore,0,1,0,0,0,0,0,0,0,0,0,0,0,0,0,0,0,0,0,1,0,0,0,0,0,0,1,0,0,3000,450.0,296.0,8.2,7.0,0.0,0.0,0.0,0.0,0.0,0.0,0.0,0.0,0.0,0.0,onshore
etame,gamba,gabon,africa,gabon south,vaalco,oil,developing,cretaceous,sandstone,offshore,offshore,0,0,0,1,1,1,1,0,0,0,0,0,0,0,0,0,0,0,0,0,0,0,0,1,0,1,0,0,0,5590,47.0,36.0,30.0,1550.0,1.0,1.0,0.0,0.0,0.0,0.0,0.0,0.0,0.0,0.0,offshore
cheleken,red series,turkmenistan,former soviet union,caspian south,turkmenneft,oil,mature production,neogene,sandstone,onshore-offshore,onshore-offshore,0,1,0,0,1,1,0,0,1,0,0,0,0,0,0,0,0,0,0,0,0,0,0,0,0,0,0,1,0,1800,7500.0,190.0,19.0,30.0,1.0,1.0,0.0,0.0,0.0,0.0,0.0,0.0,0.0,0.0,onshore-offshore
bravo dome,tubb,usa,north america,sierra grande uplift,bp,carbon dioxide,plateau production,permian,sandstone,onshore,onshore,0,1,0,0,0,0,0,0,0,0,0,0,0,0,0,0,0,0,0,1,0,0,0,0,0,0,0,0,0,1960,250.0,120.0,20.0,42.0,0.0,0.0,0.0,0.0,0.0,0.0,0.0,0.0,0.0,0.0,onshore
balam south,telisa 600,indonesia,far east,sumatra central,caltex pacific,oil,rejuvenating,neogene,low-resistivity sandstone,onshore,onshore-offshore,1,0,0,0,0,1,0,1,0,0,0,1,0,1,0,0,1,0,0,0,0,1,0,0,0,0,0,0,0,1060,120.0,70.0,32.0,68.0,0.0,0.0,1.0,0.0,0.0,0.0,0.0,0.0,0.0,0.0,onshore
victor,leman sandstone,uk,europe,north sea southern,conocophillips,gas,declining production,permian,sandstone,offshore,onshore-offshore,0,1,0,0,1,1,1,1,0,0,0,0,0,0,0,0,0,0,0,0,0,1,0,0,0,1,0,0,0,8175,375.0,369.0,16.0,52.0,1.0,1.0,0.0,0.0,0.0,0.0,0.0,0.0,0.0,0.0,offshore
boonsville,bend conglomerate,usa,north america,fort worth,numerous,gas,mature production,carboniferous,conglomerate,onshore,onshore,0,1,0,0,0,1,0,1,0,0,0,0,0,0,0,0,0,0,0,1,0,0,0,0,0,0,0,0,0,4500,1100.0,73.0,10.0,3.0,0.0,0.0,0.0,0.0,0.0,0.0,0.0,0.0,0.0,0.0,onshore
caroline,swan hills (beaverhill lake a),unknown,unknown,western canada,numerous,gas-condensate,declining production,devonian,dolomite,onshore,onshore,0,1,0,0,0,0,0,0,0,0,0,0,0,0,0,0,0,0,0,1,0,0,0,0,0,0,0,0,0,11500,300.0,60.0,10.0,100.0,0.0,0.0,0.0,0.0,0.0,0.0,0.0,0.0,0.0,1.0,onshore
dukhan,uwainat,qatar,middle east,the gulf,qatar petroleum,oil,unknown,jurassic,limestone,onshore-offshore,onshore-offshore,0,1,0,0,1,1,1,0,1,0,0,0,0,0,0,0,0,0,0,1,0,0,0,0,1,0,0,0,0,6721,120.0,75.0,18.0,15.0,0.0,0.0,0.0,0.0,0.0,0.0,0.0,0.0,0.0,0.0,onshore
ekofisk west,tor-ekofisk,norway,europe,north sea central,conocophillips,gas-condensate,abandoned,cretaceous-paleogene,chalk,offshore,offshore,0,1,0,0,1,1,0,1,0,0,0,0,0,0,0,0,0,0,0,0,0,1,0,1,1,0,0,0,0,9870,650.0,360.0,30.0,1.5,1.0,1.0,0.0,0.0,0.0,0.0,0.0,0.0,0.0,0.0,offshore
verkhnechona,nepa (vch1-vch2),russia,former soviet union,siberian eastern,verkhnechonskneftegaz,oil,developing,proterozoic,sandstone,onshore,onshore,0,1,0,0,0,1,0,1,0,0,0,0,0,0,0,0,0,0,0,0,0,1,0,1,0,0,0,0,0,5216,200.0,25.0,10.0,209.0,0.0,0.0,0.0,0.0,0.0,0.0,0.0,0.0,0.0,0.0,onshore
coalinga,temblor,usa,unknown,san joaquin,chevron and others,oil,mature production,neogene,shaly sandstone,onshore,onshore,1,1,0,0,0,0,0,0,0,0,0,1,0,1,0,0,0,0,1,0,0,0,0,0,0,0,0,0,1,500,700.0,190.0,34.0,850.0,0.0,0.0,0.0,0.0,0.0,0.0,0.0,0.0,0.0,0.0,onshore
orocual,carapita,venezuela,latin america,eastern venezuela,pdvsa,oil,continuing development,neogene,sandstone,onshore,onshore,0,1,0,0,0,1,0,0,1,0,0,0,0,0,0,0,0,0,0,1,0,0,0,0,0,0,0,1,0,10150,300.0,160.0,13.0,35.0,0.0,0.0,0.0,0.0,0.0,0.0,0.0,0.0,0.0,0.0,onshore
lockhart crossing,wilcox (1st wilcox sand),usa,north america,gulf of mexico northern onshore,callon petroleum and others,oil,mature production,paleogene,sandstone,onshore,onshore,0,0,0,0,1,1,1,0,0,0,0,0,1,0,0,0,0,1,0,0,0,0,1,0,0,0,0,0,0,10082,135.0,26.0,20.0,35.0,0.0,0.0,0.0,0.0,0.0,0.0,0.0,1.0,0.0,0.0,onshore
rainbow trend,upper keg river-muskeg (rainbow a),canada,north america,western canada,numerous,oil,declining production,devonian,limestone,onshore,onshore,0,1,0,0,1,0,1,0,0,0,0,0,0,0,0,0,0,0,0,1,0,0,0,0,0,0,0,0,0,5866,756.0,400.0,11.8,37.0,0.0,0.0,0.0,0.0,0.0,0.0,0.0,0.0,0.0,0.0,onshore
waterton,rundle-wabamun (a pool),canada,north america,western canada,shell,gas-condensate,mature production,devonian-carboniferous,dolomite,onshore,onshore,0,1,0,0,0,0,0,0,0,0,0,0,0,0,0,0,0,0,0,1,0,0,0,0,0,0,1,0,0,8100,2350.0,142.0,4.0,0.6,0.0,0.0,0.0,0.0,0.0,0.0,0.0,0.0,0.0,0.0,onshore
west seminole,san andres,unknown,unknown,permian,occidental,oil,nearly depleted,permian,dolomite,onshore,onshore,0,1,0,0,0,0,0,0,0,0,0,0,0,0,0,0,0,0,0,1,0,0,0,0,0,0,0,0,0,4810,600.0,40.0,9.9,9.0,0.0,0.0,0.0,0.0,0.0,0.0,0.0,0.0,0.0,0.0,onshore
alpine,alpine,unknown,unknown,colville,conocophillips,oil,plateau production,jurassic,sandstone,onshore,onshore,0,1,0,0,0,0,0,0,0,0,0,0,0,0,0,0,0,0,0,1,0,0,0,0,0,0,0,0,0,6600,50.0,49.0,20.0,15.0,0.0,0.0,0.0,0.0,0.0,0.0,0.0,0.0,0.0,0.0,onshore
katnook,pretty hill (sandstone),australia,far east,otway,boral energy resources ltd,gas,plateau production,cretaceous,sandstone,onshore,onshore-offshore,0,1,0,0,0,1,0,1,0,0,0,0,0,0,0,0,0,0,0,0,0,0,0,1,0,0,0,0,0,9286,221.0,62.0,14.5,8.6,0.0,0.0,0.0,0.0,0.0,0.0,0.0,0.0,0.0,0.0,onshore
heather,brent,uk,europe,north sea northern,dno,oil,mature production,jurassic,sandstone,offshore,offshore,0,0,0,0,0,1,0,0,0,0,0,0,0,0,0,0,0,0,0,0,0,0,0,1,0,0,0,0,0,8981,210.0,113.0,10.0,20.0,1.0,1.0,0.0,0.0,0.0,0.0,0.0,0.0,0.0,0.0,offshore
ekofisk,tor-ekofisk,norway,europe,north sea central,conocophillips,oil,second plateau prodution,cretaceous-paleogene,chalk,offshore,offshore,0,1,0,0,1,1,0,1,0,0,0,0,0,0,0,0,0,0,0,0,0,1,0,1,1,0,0,0,0,9250,820.0,590.0,32.0,1.5,1.0,1.0,0.0,0.0,0.0,0.0,0.0,0.0,0.0,0.0,offshore
rangely,weber,usa,north america,uinta/piceance,chevron,oil,declining production,carboniferous-permian,sandstone,onshore,onshore,0,1,0,0,0,0,0,0,0,0,0,0,0,0,0,0,0,0,0,0,0,0,0,0,0,0,0,1,0,5500,526.0,189.0,12.0,8.0,0.0,0.0,0.0,0.0,0.0,0.0,0.0,0.0,0.0,0.0,onshore
elkhorn ranch,mission canyon (madison),usa,north america,williston,tenneco /cenex /shell,oil,declining production,carboniferous,dolomite,onshore,onshore,0,1,0,0,0,0,0,0,0,0,0,0,0,0,0,0,0,0,0,0,1,0,0,0,0,0,0,0,0,9125,105.0,40.0,16.0,25.0,0.0,0.0,0.0,0.0,0.0,0.0,0.0,0.0,0.0,0.0,onshore
beaver lodge,mission canyon (madison),unknown,unknown,williston,amerada hess,oil,rejuvenating,carboniferous,limestone,onshore,onshore,0,1,0,0,0,0,0,0,0,0,0,0,0,0,0,0,0,0,0,0,1,0,0,0,0,0,0,0,0,8350,120.0,20.0,6.0,1.0,0.0,0.0,0.0,0.0,0.0,0.0,0.0,0.0,0.0,0.0,onshore
talco,paluxy,unknown,unknown,east texas salt,exxonmobil,oil,nearly depleted,cretaceous,sandstone,onshore,onshore,0,0,0,0,1,1,1,0,0,0,0,0,1,0,0,0,0,0,0,0,0,0,1,0,1,0,0,0,0,4059,275.0,44.0,25.0,2460.0,0.0,0.0,0.0,0.0,0.0,0.0,0.0,0.0,0.0,0.0,onshore
auk,zechstein (halibut),uk,europe,north sea central,shell,oil,depleted,permian,dolomite,offshore,offshore,0,0,0,0,0,1,0,0,0,0,0,0,0,0,0,0,0,0,0,0,0,0,0,1,0,0,0,0,0,7044,30.0,30.0,13.0,53.0,1.0,1.0,0.0,0.0,0.0,0.0,0.0,0.0,0.0,0.0,offshore
redwater,leduc,canada,north america,western canada,imperial oil resources,oil,nearly depleted,devonian,limestone,onshore,onshore,0,1,0,0,0,0,0,0,0,0,0,0,0,0,0,0,0,0,0,1,0,0,0,0,0,0,0,0,0,3080,800.0,100.0,8.0,100.0,0.0,0.0,0.0,0.0,0.0,0.0,0.0,0.0,0.0,0.0,onshore
heidrun,fangst,norway,europe,mid-norway shelf,statoilhydro,oil,plateau production,jurassic,sandstone,offshore,offshore,0,0,0,1,0,1,0,0,0,0,0,0,0,0,0,0,0,0,0,0,0,0,0,1,0,0,0,0,0,5692,230.0,207.0,28.0,1450.0,1.0,1.0,0.0,0.0,0.0,0.0,0.0,0.0,0.0,0.0,offshore
qarun,lower bahariya,egypt,africa,gindi,qarun petroleum,oil,developing,cretaceous,low-resistivity sandstone,onshore,onshore,0,1,0,0,0,1,0,1,0,0,0,0,0,0,0,0,0,0,0,0,0,1,0,1,0,0,0,0,0,8450,145.0,45.0,18.0,700.0,0.0,0.0,0.0,0.0,0.0,0.0,0.0,0.0,0.0,0.0,onshore
lobster,bulminella 1 sand,usa,north america,gulf of mexico northern offshore,marathon,oil,declining production,neogene,sandstone,offshore,offshore,0,0,1,0,1,1,1,0,0,0,0,0,1,0,0,0,0,1,0,0,0,0,1,0,1,0,0,0,0,8075,460.0,150.0,24.0,900.0,1.0,1.0,0.0,1.0,0.0,0.0,0.0,0.0,1.0,0.0,offshore
baldpate,big sand,usa,north america,gulf of mexico northern offshore,amerada hess,gas,plateau production,neogene,sandstone,offshore,offshore,0,0,0,0,1,1,1,0,0,0,0,0,1,0,0,0,0,0,0,0,0,0,1,0,1,0,0,0,0,13850,118.0,100.0,27.0,836.0,1.0,1.0,0.0,1.0,0.0,0.0,0.0,0.0,1.0,0.0,offshore
miskar,aleg (r1 inferior),tunisia,africa,pelagian,bg,gas,developing,cretaceous,limestone,offshore,onshore-offshore,0,1,0,0,0,1,0,1,0,0,0,0,0,0,0,0,0,0,0,0,0,0,0,1,0,0,0,0,0,9967,85.0,75.0,14.0,5.0,1.0,1.0,0.0,0.0,0.0,0.0,0.0,0.0,0.0,0.0,offshore
gamyshldzha,red series (hk-1 to hk-5),turkmenistan,former soviet union,caspian south,turkmenneft,oil,declining production,neogene,sandstone,onshore-offshore,onshore-offshore,1,1,0,0,0,0,0,0,0,1,1,0,0,0,0,0,0,0,0,1,0,0,0,0,0,0,0,1,0,9088,1800.0,160.0,20.0,125.0,0.0,0.0,0.0,0.0,0.0,0.0,0.0,0.0,0.0,0.0,onshore
varegan,megion-varegan (a5-b10),russia,former soviet union,siberian western,noyabrskneftegas,oil,declining production,cretaceous,sandstone,onshore,onshore,0,1,0,0,0,0,0,0,0,0,0,0,0,0,0,0,0,0,0,0,1,0,0,0,0,0,0,0,0,5577,3150.0,429.0,23.6,187.0,0.0,0.0,0.0,0.0,0.0,0.0,0.0,0.0,0.0,0.0,onshore
cano limon,lower carbonera,colombia,latin america,llanos,occidental,oil,rejuvenating,paleogene,sandstone,onshore,onshore,1,0,0,0,0,0,0,0,0,0,0,1,0,0,0,0,0,0,0,1,0,0,0,0,0,0,0,0,1,6950,235.0,126.0,24.0,1450.0,0.0,0.0,0.0,0.0,0.0,0.0,0.0,0.0,0.0,0.0,onshore
andrew,lista (andrew sandstone),unknown,unknown,north sea southern,bp,oil,declining production,paleogene,sandstone,offshore,onshore-offshore,0,1,0,0,1,1,1,1,0,0,0,0,0,0,0,0,0,0,0,0,0,0,0,1,1,0,0,0,0,7595,541.0,367.0,20.0,200.0,1.0,1.0,0.0,0.0,0.0,0.0,0.0,0.0,0.0,0.0,offshore
rourke gap,upper minnelusa (c sand),unknown,unknown,powder river,wildfire partners inc,oil,nearly depleted,permian,sandstone,onshore,onshore,0,1,0,0,0,0,0,0,0,0,0,0,0,0,0,0,0,0,0,1,0,0,0,0,0,0,0,0,0,10225,100.0,25.0,11.3,97.0,0.0,0.0,0.0,0.0,0.0,0.0,0.0,0.0,0.0,0.0,onshore
alwyn north,statfjord,uk,europe,north sea northern,total,gas-condensate,mature production,triassic-jurassic,sandstone,offshore,offshore,0,0,0,1,0,1,0,0,0,0,0,0,0,0,0,0,0,0,0,0,0,0,0,1,0,0,0,0,0,10545,869.0,512.0,13.5,330.0,1.0,1.0,0.0,0.0,0.0,0.0,0.0,0.0,0.0,0.0,offshore
yacheng 13-1,lingshui (lingshui-3),china,far east,qiongdongnan,cnooc,gas,plateau production,paleogene,sandstone,offshore,offshore,0,0,0,0,0,1,0,0,0,0,0,0,0,0,0,0,0,0,0,0,0,0,0,1,0,0,0,0,0,11270,686.0,308.0,12.68,281.0,1.0,1.0,0.0,0.0,0.0,0.0,0.0,0.0,0.0,0.0,offshore
yarega,koyva,russia,former soviet union,timan-pechora,komineft,oil,plateau production,devonian,sandstone,onshore,onshore-offshore,0,1,0,0,1,0,0,0,0,0,0,0,0,0,0,0,0,0,0,1,0,1,0,0,0,0,0,0,0,480,100.0,56.0,21.0,1000.0,0.0,0.0,0.0,0.0,0.0,0.0,0.0,0.0,0.0,0.0,onshore
north burbank,burbank,usa,north america,cherokee,conocophillips,oil,unknown,carboniferous,sandstone,onshore,onshore,0,1,0,1,0,1,0,1,0,0,0,0,0,0,0,0,0,0,0,1,0,0,0,0,0,0,0,0,0,3020,90.0,47.0,16.8,50.0,0.0,0.0,0.0,0.0,0.0,0.0,0.0,0.0,0.0,0.0,onshore
yibal,shuaiba,oman,middle east,fahud salt,pdo,oil,declining production,cretaceous,chalk,onshore,onshore,0,1,0,0,1,0,0,0,0,0,0,0,0,0,0,0,0,0,0,1,0,0,0,0,1,0,0,0,0,4440,350.0,300.0,28.0,5.0,0.0,0.0,0.0,0.0,0.0,0.0,0.0,0.0,0.0,0.0,onshore
fairway,james limestone,usa,north america,gulf of mexico northern onshore,hunt oil company,oil,nearly depleted,cretaceous,limestone,onshore,onshore,0,0,1,0,1,1,1,0,0,0,0,0,0,0,0,0,0,0,0,0,0,0,1,0,1,0,0,0,0,10000,150.0,70.0,11.0,25.0,0.0,0.0,0.0,0.0,0.0,0.0,0.0,1.0,0.0,0.0,onshore
maling,yanan,china,far east,ordos,petrochina,oil,declining production,jurassic,sandstone,onshore,onshore,0,1,0,0,0,0,0,0,0,0,0,0,0,0,0,0,0,0,0,1,0,0,0,0,0,0,0,0,0,3776,984.0,24.0,16.0,72.0,0.0,0.0,0.0,0.0,0.0,0.0,0.0,0.0,0.0,0.0,onshore
cinta,talang akar (zone 3),indonesia,far east,sunda,repsol ypf,oil,mature production,paleogene,sandstone,offshore,onshore-offshore,1,0,0,0,0,1,0,1,0,0,0,1,0,1,0,0,1,0,0,0,0,1,0,0,0,0,0,0,0,2880,200.0,65.0,18.0,505.0,1.0,1.0,1.0,0.0,0.0,0.0,0.0,0.0,0.0,0.0,offshore
kovykta,parfenov,russia,former soviet union,siberian eastern,rusia petroleum,gas,undeveloped,proterozoic,sandstone,onshore,onshore,0,1,0,0,1,0,0,0,0,0,0,0,0,0,0,0,0,0,0,0,1,0,0,0,0,0,0,0,0,4000,200.0,49.0,16.0,5.0,0.0,0.0,0.0,0.0,0.0,0.0,0.0,0.0,0.0,0.0,onshore
weeks island,s sand (reservoir b) or s rb,usa,north america,gulf of mexico northern onshore,shell and others,oil,nearly depleted,neogene,sandstone,onshore,onshore,0,0,1,0,1,1,1,0,0,0,0,0,1,0,0,0,0,0,0,0,0,0,1,0,1,0,0,0,0,11600,221.0,186.0,26.0,3500.0,0.0,0.0,0.0,0.0,0.0,0.0,0.0,1.0,0.0,0.0,onshore
miskar,aleg (bireno),tunisia,africa,pelagian,bg,gas-condensate,developing,cretaceous,chalky limestone,offshore,onshore-offshore,0,1,0,0,0,1,0,1,0,0,0,0,0,0,0,0,0,0,0,0,0,0,0,1,0,0,0,0,0,10702,128.0,49.0,13.0,0.1,1.0,1.0,0.0,0.0,0.0,0.0,0.0,0.0,0.0,0.0,offshore
zafiro,agbada (qua iboe sands),equatorial guinea,africa,niger delta,exxonmobil,oil,developing,neogene,sandstone,offshore,onshore-offshore,0,1,0,0,0,1,1,0,1,0,1,0,0,0,0,0,0,1,0,0,0,0,1,0,0,0,0,0,0,4400,190.0,100.0,27.0,2000.0,1.0,1.0,0.0,0.0,0.0,0.0,0.0,0.0,0.0,0.0,offshore
tern,brent,uk,europe,north sea northern,shell,oil,declining production,jurassic,sandstone,offshore,offshore,0,1,0,0,0,1,0,1,0,0,0,0,0,0,0,0,0,0,0,0,0,0,0,1,0,0,0,0,0,7252,273.0,170.0,22.0,350.0,1.0,1.0,0.0,0.0,0.0,0.0,0.0,0.0,0.0,0.0,offshore
laojunmiao,baiyanghe (ganyouquan k sand),china,far east,jiuquan,petrochina,oil,nearly depleted,paleogene,sandstone,onshore,onshore,0,1,0,1,0,1,0,0,1,0,0,0,0,0,0,0,0,0,0,0,0,0,0,0,0,0,0,1,0,335,210.0,43.0,21.0,237.0,0.0,0.0,0.0,0.0,0.0,0.0,0.0,0.0,0.0,0.0,onshore
kurten,woodbine-eagleford,usa,north america,gulf of mexico northern onshore,numerous,oil,declining production,cretaceous,sandstone,onshore,onshore,0,0,0,0,1,1,1,0,0,0,0,0,0,0,0,0,0,0,0,0,0,0,1,0,0,0,0,0,0,7940,300.0,24.0,9.3,0.55,0.0,0.0,0.0,0.0,0.0,0.0,0.0,1.0,0.0,0.0,onshore
ardjuna-b,cibulakan,indonesia,far east,java northwest,bp,oil,mature production,neogene,low-resistivity sandstone,offshore,offshore,0,1,0,0,0,1,0,1,0,0,0,0,0,0,0,0,1,0,0,0,0,0,0,0,0,0,0,0,0,2310,1197.0,263.0,26.0,300.0,1.0,1.0,1.0,0.0,0.0,0.0,0.0,0.0,0.0,0.0,offshore
parentis,unnamed,france,europe,aquitaine,vermilion,oil,nearly depleted,cretaceous,dolomite,onshore-offshore,onshore-offshore,0,1,0,1,0,0,0,0,0,0,0,0,0,0,0,0,0,0,0,1,0,0,0,0,0,0,0,0,0,6550,1300.0,200.0,11.0,10.0,0.0,0.0,0.0,0.0,0.0,0.0,0.0,0.0,0.0,0.0,onshore-offshore
cashiriari,viivian,unknown,unknown,ucayali,pluspetrol,gas-condensate,undeveloped,cretaceous,sandstone,onshore,onshore,0,1,0,0,0,0,0,0,0,0,0,0,0,0,0,0,0,0,0,0,0,0,0,0,0,0,0,1,0,6150,245.0,210.0,13.0,1000.0,0.0,0.0,0.0,0.0,0.0,0.0,0.0,0.0,0.0,0.0,onshore
markovo,parfenov,russia,former soviet union,siberian eastern,vostsibneftegazgeologiya,gas-condensate,developing,proterozoic,sandstone,onshore,onshore,0,1,0,0,1,0,0,0,0,0,0,0,0,0,0,0,0,0,0,0,0,0,0,1,1,0,0,0,0,8596,172.0,25.0,9.0,152.0,0.0,0.0,0.0,0.0,0.0,0.0,0.0,0.0,0.0,0.0,onshore
east crossfield,wabamun (a pool),canada,north america,western canada,bp and others,gas,mature production,devonian,dolomite,onshore,onshore,0,1,0,1,0,0,0,0,0,0,0,0,0,0,0,0,0,0,0,1,0,0,0,0,0,0,0,0,0,7700,100.0,67.6,6.1,5.2,0.0,0.0,0.0,0.0,0.0,0.0,0.0,0.0,0.0,0.0,onshore
erskine,puffin (erskine sandstone),uk,europe,north sea central,chevron,gas-condensate,declining production,jurassic,shaly sandstone,offshore,offshore,0,1,0,0,0,1,0,1,0,0,0,0,0,0,0,0,0,0,0,0,0,0,0,1,0,0,0,0,0,14700,220.0,210.0,23.0,10.0,1.0,1.0,0.0,0.0,0.0,0.0,0.0,0.0,0.0,0.0,offshore
quiriquire,quiriquire,venezuela,latin america,eastern venezuela,repsol ypf /maxus,oil,rejuvenating,neogene,sandstone,onshore,onshore,0,1,0,1,0,1,0,0,1,0,0,0,0,0,0,0,0,0,0,1,0,0,0,0,0,0,0,1,0,1613,1600.0,230.0,20.0,450.0,0.0,0.0,0.0,0.0,0.0,0.0,0.0,0.0,0.0,0.0,onshore
little knife,mission canyon (madison),usa,north america,williston,chevron,oil,declining production,carboniferous,dolomite,onshore,onshore,0,1,0,0,0,0,0,0,0,0,0,0,0,0,0,0,0,0,0,0,1,0,0,0,0,0,0,0,0,9673,465.0,24.0,14.0,30.0,0.0,0.0,0.0,0.0,0.0,0.0,0.0,0.0,0.0,0.0,onshore
orenburg,unnamed,unknown,unknown,precaspian,orenburggazprom,gas,unknown,carboniferous-permian,limestone,onshore,onshore,0,1,0,0,1,0,0,0,0,0,0,0,0,0,0,0,0,0,0,1,0,0,0,0,0,1,0,0,0,4232,1360.0,563.0,11.0,2.0,0.0,0.0,0.0,0.0,0.0,0.0,0.0,0.0,0.0,0.0,onshore
abu madi-el qara,abu madi (level ii),egypt,africa,nile delta,ieoc,gas,declining production,neogene,thinly-bedded sandstone,onshore-offshore,onshore-offshore,1,0,0,0,1,0,0,0,0,0,1,1,0,0,1,0,0,1,0,0,0,0,0,0,0,0,0,0,1,9843,115.0,66.0,22.0,200.0,0.0,0.0,0.0,0.0,0.0,1.0,0.0,0.0,0.0,0.0,onshore
el borma,kirchaou,tunisia /algeria,africa,ghadames,sitep /sonatrach,oil,declining production,triassic,sandstone,onshore,onshore,0,1,0,1,1,1,0,0,0,0,0,0,0,0,0,0,0,0,0,0,0,0,0,0,0,1,0,0,0,9022,353.0,190.0,17.0,500.0,0.0,0.0,0.0,0.0,0.0,0.0,0.0,0.0,0.0,0.0,onshore
asab,thamama zone b-c,uae,middle east,rub al khali,adco,oil,declining production,cretaceous,limestone,onshore-offshore,onshore-offshore,0,1,0,0,1,1,0,0,1,0,0,0,0,0,0,0,0,0,0,1,0,0,0,0,1,0,0,0,0,7850,274.0,250.0,30.0,20.0,0.0,0.0,0.0,0.0,0.0,0.0,0.0,0.0,0.0,0.0,onshore
caroline,cardium (e pool),canada,north america,western canada,numerous,oil,nearly depleted,cretaceous,sandstone,onshore,onshore,0,1,0,0,0,0,0,0,0,0,0,0,0,0,0,0,0,0,0,1,0,0,0,0,0,0,0,0,0,7975,300.0,7.0,11.0,20.0,0.0,0.0,0.0,0.0,0.0,0.0,0.0,0.0,0.0,0.0,onshore
oribi,14a sequence,south africa,africa,bredasdorp,petrosa,oil,plateau production,cretaceous,sandstone,offshore,offshore,0,0,0,0,0,1,0,0,0,0,0,0,0,0,0,0,0,0,0,0,0,0,1,1,0,0,0,0,0,7306,115.0,98.0,18.0,500.0,1.0,1.0,0.0,0.0,0.0,0.0,0.0,0.0,0.0,0.0,offshore
dan,chalk group (tor-ekofisk),denmark,europe,north sea central,maersk,oil,plateau production,cretaceous-paleogene,chalk,offshore,offshore,0,1,0,0,1,1,0,1,0,0,0,0,0,0,0,0,0,0,0,0,0,1,0,1,1,0,0,0,0,5560,500.0,160.0,28.0,1.75,1.0,1.0,0.0,0.0,0.0,0.0,0.0,0.0,0.0,0.0,offshore
weyburn,charles (midale beds),canada,north america,williston,encana,oil,second plateau prodution,carboniferous,dolomite,onshore,onshore,0,1,0,0,0,0,0,0,0,0,0,0,0,0,0,0,0,0,0,0,1,0,0,0,0,0,0,0,0,4300,82.0,33.0,15.0,10.0,0.0,0.0,0.0,0.0,0.0,0.0,0.0,0.0,0.0,0.0,onshore
chateaurenard,chateaurenard,france,europe,paris,madison /chart,oil,nearly depleted,cretaceous,sandstone,onshore,onshore,0,0,0,0,0,1,0,0,0,0,0,0,0,0,0,0,0,0,0,0,1,0,0,0,0,0,0,0,0,1860,28.0,15.0,27.0,1000.0,0.0,0.0,0.0,0.0,0.0,0.0,0.0,0.0,0.0,0.0,onshore
antrim shale,antrim shale (norwood-lachine),usa,north america,michigan,numerous,gas,plateau production,devonian,shale,onshore,onshore,0,0,0,0,0,0,0,0,0,0,0,1,0,1,0,0,0,0,0,0,1,0,0,0,0,0,0,0,0,500,100.0,80.0,4.0,10.0,0.0,0.0,0.0,0.0,0.0,0.0,0.0,0.0,0.0,0.0,onshore
idd el shargi north dome,shuaiba,qatar,middle east,rub al khali,occidental,oil,mature production,cretaceous,chalky limestone,onshore-offshore,onshore-offshore,0,1,0,0,1,0,1,0,0,0,0,0,0,0,0,0,0,0,0,1,0,0,0,0,1,0,0,0,0,4381,328.0,256.0,25.0,3.0,1.0,1.0,0.0,1.0,0.0,0.0,0.0,0.0,0.0,0.0,offshore
newburg,charles,usa,north america,williston,amerada hess,oil,mature production,carboniferous,dolomitic limestone,onshore,onshore,0,1,0,0,0,0,0,0,0,0,0,0,0,0,0,0,0,0,0,0,1,0,0,0,0,0,0,0,0,3310,120.0,17.8,10.0,2.6,0.0,0.0,0.0,0.0,0.0,0.0,0.0,0.0,0.0,0.0,onshore
alabama ferry,upper glen rose d zone,usa,north america,gulf of mexico northern onshore,numerous,oil,mature production,cretaceous,limestone,onshore,onshore,0,0,0,0,1,1,1,0,0,0,0,0,0,0,0,0,0,0,0,0,0,0,1,0,0,0,0,0,0,8700,95.0,15.0,12.0,20.0,0.0,0.0,0.0,0.0,0.0,0.0,0.0,1.0,0.0,0.0,onshore
carmopolis,carmopolis (muribeca),brazil,latin america,sergipe-alagoas,petrobras,oil,declining production,cretaceous,conglomerate,onshore,onshore-offshore,0,0,0,0,1,1,1,0,0,0,0,0,0,0,0,0,0,0,0,0,0,0,1,0,0,0,0,0,0,1788,380.0,350.0,15.0,60.0,0.0,0.0,0.0,0.0,0.0,0.0,0.0,0.0,0.0,0.0,onshore
laojunmiao,baiyanghe (jianquanzi l sand),china,far east,jiuquan,petrochina,oil,nearly depleted,paleogene,sandstone,onshore,onshore,0,1,0,1,0,1,0,0,1,0,0,0,0,0,0,0,0,0,0,0,0,0,0,0,0,0,0,1,0,1362,180.0,39.0,23.0,619.0,0.0,0.0,0.0,0.0,0.0,0.0,0.0,0.0,0.0,0.0,onshore
yangsanmu,guantao-minghuazhen,china,far east,bohai,petrochina,oil,mature production,neogene,sandstone,onshore-offshore,onshore-offshore,0,0,0,0,0,1,0,0,0,0,0,0,0,0,0,0,0,0,0,0,0,0,0,1,0,0,0,0,0,3898,2615.0,66.0,31.0,1475.0,0.0,0.0,0.0,0.0,0.0,0.0,0.0,0.0,0.0,0.0,onshore
kitty,muddy,usa,north america,powder river,devon energy and others,oil,nearly depleted,cretaceous,shaly sandstone,onshore,onshore,0,1,0,0,0,0,0,0,0,0,0,0,0,0,0,0,0,0,0,1,0,0,0,0,0,0,0,0,0,8650,80.0,12.0,10.0,15.0,0.0,0.0,0.0,0.0,0.0,0.0,0.0,0.0,0.0,0.0,onshore
snapper,latrobe (n-1 unit),australia,far east,gippsland,exxonmobil /bhp billiton,gas-condensate,plateau production,paleogene,sandstone,offshore,onshore-offshore,0,1,0,1,0,1,0,1,0,0,0,0,0,0,0,0,0,0,0,0,0,1,0,1,0,0,0,0,0,3682,820.0,394.0,24.0,2000.0,1.0,1.0,0.0,0.0,0.0,0.0,0.0,0.0,0.0,0.0,offshore
provost,viking (c pool),canada,north america,western canada,numerous,oil,nearly depleted,cretaceous,low-resistivity sandstone,onshore,onshore,0,1,0,1,0,0,0,0,0,0,0,0,0,0,0,0,0,0,0,1,0,0,0,0,0,0,0,0,0,2950,70.0,4.0,25.0,170.0,0.0,0.0,0.0,0.0,0.0,0.0,0.0,0.0,0.0,0.0,onshore
raven creek,upper minnelusa (b sand),usa,north america,powder river,citation oil and gas,oil,mature production,permian,sandstone,onshore,onshore,0,1,0,0,0,0,0,0,0,0,0,0,0,0,0,0,0,0,0,1,0,0,0,0,0,0,0,0,0,8278,100.0,37.0,12.0,50.0,0.0,0.0,0.0,0.0,0.0,0.0,0.0,0.0,0.0,0.0,onshore
east texas,woodbine,usa,north america,gulf of mexico northern onshore,numerous,oil,declining production,cretaceous,sandstone,onshore,onshore,0,0,0,0,1,1,1,0,0,0,0,0,0,0,0,0,0,0,0,0,0,0,1,0,0,0,0,0,0,3500,51.0,37.0,25.0,2098.0,0.0,0.0,0.0,0.0,0.0,0.0,0.0,1.0,0.0,0.0,onshore
delta south,agbada (g2 sand),nigeria,africa,niger delta,chevron,oil,declining production,neogene,sandstone,offshore,onshore-offshore,0,0,0,0,0,1,1,0,0,0,1,0,0,0,0,0,0,1,0,0,0,0,1,0,0,0,0,0,0,7985,66.0,50.0,28.0,2000.0,1.0,1.0,0.0,0.0,0.0,0.0,0.0,0.0,0.0,0.0,offshore
south cowden,grayburg,usa,unknown,permian,numerous,oil,declining production,permian,dolomite,onshore,onshore,0,1,0,0,0,0,0,0,0,0,0,0,0,0,0,0,0,0,0,1,0,0,0,0,0,0,0,0,0,4100,400.0,90.0,8.8,15.0,0.0,0.0,0.0,0.0,0.0,0.0,0.0,0.0,0.0,0.0,onshore
luginets,tyumen-naunak,russia,former soviet union,siberian western,tomskneft (yukos),oil,rejuvenating,jurassic,sandstone,onshore,onshore,0,1,0,0,0,0,0,0,0,0,0,0,0,0,0,0,0,0,0,0,1,0,0,0,0,0,0,0,0,7610,300.0,200.0,17.0,20.0,0.0,0.0,0.0,0.0,0.0,0.0,0.0,0.0,0.0,0.0,onshore
laojunmiao,baiyanghe (jianquanzi m sand),china,far east,jiuquan,petrochina,oil,mature production,paleogene,sandstone,onshore,onshore,0,1,0,1,0,1,0,0,1,0,0,0,0,0,0,0,0,0,0,0,0,0,0,0,0,0,0,1,0,1532,210.0,82.0,17.8,24.0,0.0,0.0,0.0,0.0,0.0,0.0,0.0,0.0,0.0,0.0,onshore
moxa arch-la barge,frontier (tip top field),usa,north america,greater green river,numerous,gas,declining production,cretaceous,sandstone,onshore,onshore,0,1,0,1,0,0,0,0,0,0,0,0,0,0,0,0,0,0,0,1,0,0,0,0,0,0,0,0,0,7000,1100.0,90.0,13.0,0.1,0.0,0.0,0.0,0.0,0.0,0.0,0.0,0.0,0.0,0.0,onshore
beryl,beryl,uk,europe,north sea northern,exxonmobil,oil,declining production,jurassic,sandstone,offshore,offshore,0,0,0,1,0,1,0,0,0,0,0,0,0,0,0,0,0,0,0,0,0,0,0,1,0,0,0,0,0,9200,500.0,425.0,17.0,350.0,1.0,1.0,0.0,0.0,0.0,0.0,0.0,0.0,0.0,0.0,offshore
djarkuduk,kyzyltash,afghanistan,far east,amu darya,afghangas,gas,rejuvenating,cretaceous,sandstone,onshore,onshore,0,1,0,0,1,0,0,0,0,0,0,0,0,0,0,0,0,0,0,0,1,0,0,0,0,0,0,0,0,6560,450.0,89.0,23.0,214.0,0.0,0.0,0.0,0.0,0.0,0.0,0.0,0.0,0.0,0.0,onshore
huntington beach,jones zone,usa,north america,los angeles,numerous,oil,nearly depleted,neogene,thinly-bedded sandstone,onshore-offshore,onshore-offshore,1,0,0,0,0,0,0,0,0,0,0,1,0,1,0,0,0,0,0,0,0,0,0,0,0,0,0,0,1,2326,700.0,375.0,28.0,400.0,0.1127,0.0,0.0,0.0,0.0,0.0,0.0,0.0,0.0,0.0,onshore-offshore
sunniland trend,sunniland limestone (west felda field),usa,north america,florida/bahamas,numerous,oil,mature production,cretaceous,limestone,onshore,onshore,0,0,0,0,0,1,0,0,0,0,0,0,0,0,0,0,0,0,0,0,0,0,1,0,0,0,0,0,0,11364,80.0,17.0,15.0,90.0,0.0,0.0,0.0,0.0,0.0,0.0,0.0,0.0,0.0,0.0,onshore
duri,bekasap (kedua-pertama sands),indonesia,far east,sumatra central,caltex pacific indonesia,oil,mature production,neogene,sandstone,onshore,onshore-offshore,1,0,0,0,0,1,0,1,0,0,0,1,0,1,0,0,1,0,0,0,0,1,0,0,0,0,0,0,0,400,280.0,150.0,34.0,1500.0,0.0,0.0,1.0,0.0,0.0,0.0,0.0,0.0,0.0,0.0,onshore
little sand draw,phosphoria (ervay),usa,north america,big horn,citation oil and gas,oil,mature production,permian,dolomite,onshore,onshore,0,1,0,0,0,1,0,0,1,0,0,0,0,0,0,0,0,0,0,1,0,0,0,0,0,0,0,0,0,5880,100.0,65.0,15.0,2.6,0.0,0.0,0.0,0.0,0.0,0.0,0.0,0.0,0.0,0.0,onshore
mills ranch,hunton (chimney hill-henryhouse),usa,north america,anadarko,chevron,gas,nearly depleted,silurian,dolomite,onshore,onshore,0,1,0,1,0,0,0,0,0,0,0,0,0,0,0,0,0,0,0,0,0,0,0,0,0,0,0,1,0,19888,930.0,94.0,6.0,7.0,0.0,0.0,0.0,0.0,0.0,0.0,0.0,0.0,0.0,0.0,onshore
ormen lange,jorsalfare-vale (egga),norway,europe,mid-norway shelf,statoilhydro,gas,developing,cretaceous-paleogene,sandstone,offshore,offshore,0,1,0,0,0,1,0,1,0,0,0,0,0,0,0,0,0,0,0,0,0,1,0,1,0,0,0,0,0,5780,380.0,115.0,29.0,1000.0,1.0,1.0,0.0,0.0,0.0,0.0,0.0,0.0,0.0,0.0,offshore
duri,duri (rindu sand),indonesia,unknown,sumatra central,caltex pacific indonesia,oil,mature production,neogene,sandstone,onshore,onshore-offshore,1,0,0,0,0,1,0,1,0,0,0,1,0,1,0,0,1,0,0,0,0,1,0,0,0,0,0,0,0,220,120.0,52.0,32.0,1900.0,0.0,0.0,1.0,0.0,0.0,0.0,0.0,0.0,0.0,0.0,onshore
al huwaisah,shuaiba,oman,middle east,fahud salt,pdo,oil,rejuvenating,cretaceous,limestone,onshore,onshore,0,1,0,0,1,0,0,0,0,0,0,0,0,0,0,0,0,0,0,1,0,0,0,0,1,0,0,0,0,4955,250.0,100.0,21.0,60.0,0.0,0.0,0.0,0.0,0.0,0.0,0.0,0.0,0.0,0.0,onshore
hawkins,woodbine,usa,north america,gulf of mexico northern onshore,numerous,oil,nearly depleted,cretaceous,sandstone,onshore,onshore,0,0,0,0,1,1,1,0,0,0,0,0,0,0,0,0,0,0,0,0,0,0,1,0,1,0,0,0,0,3770,525.0,300.0,27.0,3400.0,0.0,0.0,0.0,0.0,0.0,0.0,0.0,1.0,0.0,0.0,onshore
urengoy,pokur (pk1-6),russia,unknown,siberian western,tyumenneftegaz,gas,declining production,cretaceous,sandstone,onshore,onshore,0,1,0,0,0,0,0,0,0,0,0,0,0,0,0,0,0,0,0,0,1,0,0,0,0,0,0,0,0,3514,700.0,440.0,30.0,330.0,0.0,0.0,0.0,0.0,0.0,0.0,0.0,0.0,0.0,0.0,onshore
beryl,linnhe,uk,unknown,north sea northern,exxonmobil,oil,unknown,jurassic,sandstone,offshore,offshore,0,0,0,1,0,1,0,0,0,0,0,0,0,0,0,0,0,0,0,0,0,0,0,1,0,0,0,0,0,9600,300.0,120.0,14.0,100.0,1.0,1.0,0.0,0.0,0.0,0.0,0.0,0.0,0.0,0.0,offshore
fullerton,wichita-clearfork,usa,north america,permian,exxonmobil,oil,nearly depleted,permian,dolomite,onshore,onshore,0,1,0,0,0,0,0,0,0,0,0,0,0,0,0,0,0,0,0,1,0,0,0,0,0,0,0,0,0,6700,2000.0,150.0,10.0,3.0,0.0,0.0,0.0,0.0,0.0,0.0,0.0,0.0,0.0,0.0,onshore
barque,leman sandstone,uk,europe,north sea southern,shell,gas,declining production,permian,sandstone,offshore,onshore-offshore,0,1,0,0,1,1,1,1,0,0,0,0,0,0,0,0,0,0,0,0,0,1,0,0,0,1,0,0,0,6900,750.0,570.0,11.0,0.5,1.0,1.0,0.0,0.0,0.0,0.0,0.0,0.0,0.0,0.0,offshore
delta south,agbada (g3 sand),nigeria,africa,niger delta,chevron,oil,declining production,neogene,sandstone,offshore,onshore-offshore,0,0,0,0,0,1,1,0,0,0,1,0,0,0,0,0,0,1,0,0,0,0,1,0,0,0,0,0,0,8215,130.0,90.0,26.5,2000.0,1.0,1.0,0.0,0.0,0.0,0.0,0.0,0.0,0.0,0.0,offshore
britannia,britannia sandstone,uk,europe,north sea central,brittania operator limited,gas-condensate,declining production,cretaceous,sandstone,offshore,offshore,0,0,0,0,0,1,0,0,0,0,0,0,0,0,0,0,0,0,0,0,0,0,0,1,0,0,0,0,0,11350,275.0,120.0,15.0,40.0,1.0,1.0,0.0,0.0,0.0,0.0,0.0,0.0,0.0,0.0,offshore
quitman,paluxy,usa,north america,gulf of mexico northern onshore,numerous,oil,nearly depleted,cretaceous,sandstone,onshore,onshore,0,0,0,0,1,1,1,0,0,0,0,0,1,0,0,0,0,0,0,0,0,0,1,0,1,0,0,0,0,6056,400.0,35.0,22.0,600.0,0.0,0.0,0.0,0.0,0.0,0.0,0.0,1.0,0.0,0.0,onshore
jumping pound,turner valley,canada,north america,western canada,shell,gas,nearly depleted,carboniferous,dolomite,onshore,onshore,0,1,0,0,0,0,0,0,0,0,0,0,0,0,0,0,0,0,0,1,0,0,0,0,0,0,1,0,0,8100,250.0,140.0,8.3,4.0,0.0,0.0,0.0,0.0,0.0,0.0,0.0,0.0,0.0,0.0,onshore
khafji,burgan,neutral zone,middle east,the gulf,arabian oil co,oil,rejuvenating,cretaceous,sandstone,onshore-offshore,onshore-offshore,0,1,0,0,1,1,0,0,1,0,0,0,0,0,0,0,0,0,0,1,0,0,0,0,1,0,0,0,0,4725,650.0,329.0,28.0,4500.0,1.0,1.0,0.0,1.0,0.0,0.0,0.0,0.0,0.0,0.0,offshore
chateaurenard,griselles,france,europe,paris,madison /chart,oil,nearly depleted,cretaceous,sandstone,onshore,onshore,0,0,0,0,0,1,0,0,0,0,0,0,0,0,0,0,0,0,0,0,1,0,0,0,0,0,0,0,0,1975,20.0,7.0,27.0,1000.0,0.0,0.0,0.0,0.0,0.0,0.0,0.0,0.0,0.0,0.0,onshore
maxi,shahejie (banqiao),china,far east,bohai,petrochina,oil,nearly depleted,paleogene,sandstone,onshore-offshore,onshore-offshore,0,0,0,0,0,1,0,0,0,0,0,0,0,0,0,0,0,0,0,0,0,0,0,1,0,0,0,0,0,12425,755.0,83.0,13.6,11.0,0.0,0.0,0.0,0.0,0.0,0.0,0.0,0.0,0.0,0.0,onshore
natih,natih,oman,middle east,fahud salt,pdo,oil,mature production,cretaceous,chalky limestone,onshore,onshore,0,1,0,0,1,0,0,0,0,0,0,0,0,0,0,0,0,0,0,1,0,1,0,0,1,0,0,0,0,2433,1324.0,439.0,19.0,2.6,0.0,0.0,0.0,0.0,0.0,0.0,0.0,0.0,0.0,0.0,onshore
natuna l,terumbu,indonesia,far east,natuna east/sarawak,exxonmobil,carbon dioxide,undeveloped,neogene,limestone,offshore,offshore,0,1,0,0,0,1,0,0,0,0,0,0,0,0,0,0,1,0,0,0,0,0,0,0,0,0,0,0,0,8218,5335.0,2976.0,15.0,100.0,1.0,1.0,0.0,0.0,0.0,0.0,0.0,0.0,0.0,0.0,offshore
carthage,cotton valley sandstone,usa,north america,gulf of mexico northern onshore,numerous,gas,plateau production,jurassic,sandstone,onshore,onshore,0,0,0,0,1,1,1,0,0,0,0,0,0,0,0,0,0,0,0,0,0,0,1,0,0,0,0,0,0,8200,1500.0,150.0,7.0,0.04,0.0,0.0,0.0,0.0,0.0,0.0,0.0,1.0,0.0,0.0,onshore
draugen,rogn (viking),norway,europe,mid-norway shelf,shell,oil,declining production,jurassic,sandstone,offshore,offshore,0,0,0,1,0,1,0,0,0,0,0,0,0,0,0,0,0,0,0,0,0,0,1,0,0,0,0,0,0,4416,100.0,66.0,20.0,6000.0,1.0,1.0,0.0,0.0,0.0,0.0,0.0,0.0,0.0,0.0,offshore
priob,achimov-vartov,russia,former soviet union,siberian western,yuganskneftegas /sibneft /surgutneftegas,oil,continuing development,cretaceous,sandstone,onshore,onshore,0,1,0,0,0,0,0,0,0,0,0,0,0,0,0,0,0,0,0,0,1,0,0,0,0,0,0,0,0,7677,1300.0,140.0,19.0,3.6,0.0,0.0,0.0,0.0,0.0,0.0,0.0,0.0,0.0,0.0,onshore
suizhong 36-1,dongying,china,far east,bohai,cnooc,oil,plateau production,paleogene,sandstone,onshore-offshore,onshore-offshore,0,0,0,0,0,1,0,0,0,0,0,0,0,0,0,0,0,0,0,0,0,0,0,1,0,0,0,0,0,4259,980.0,160.0,32.0,2600.0,1.0,1.0,0.0,0.0,0.0,0.0,0.0,0.0,0.0,0.0,offshore
means,san andres,usa,north america,permian,exxonmobil,oil,nearly depleted,permian,dolomite,onshore,onshore,0,1,0,0,0,0,0,0,0,0,0,0,0,0,0,0,0,0,0,1,0,0,0,0,0,0,0,0,0,4250,237.0,150.0,10.0,10.0,0.0,0.0,0.0,0.0,0.0,0.0,0.0,0.0,0.0,0.0,onshore
rima,al khlata,oman,middle east,south oman salt,pdo,oil,unknown,carboniferous-permian,sandstone,onshore,onshore,0,0,0,0,1,1,1,0,0,0,0,0,0,0,0,0,0,0,0,0,0,0,0,1,1,0,0,0,0,2973,250.0,100.0,25.0,500.0,0.0,0.0,0.0,0.0,0.0,0.0,0.0,0.0,0.0,0.0,onshore
kuparuk river,kuparuk river (unit c),usa,north america,north slope,conocophillips,oil,declining production,cretaceous,low-resistivity sandstone,onshore,onshore-offshore,0,1,0,1,0,1,0,0,0,0,0,0,0,0,0,0,0,0,0,1,0,0,0,0,0,0,0,0,0,5620,35.0,20.0,24.0,138.0,0.0,0.0,0.0,0.0,0.0,0.0,0.0,0.0,0.0,0.0,onshore
wilburton,arbuckle,usa,north america,arkoma,bp,gas,mature production,cambrian-ordovician,dolomite,onshore,onshore,0,1,0,0,0,1,0,0,0,0,0,0,0,0,0,0,0,0,0,1,0,0,0,0,0,0,0,1,0,12860,2250.0,250.0,1.1,0.03,0.0,0.0,0.0,0.0,0.0,0.0,0.0,0.0,0.0,0.0,onshore
thistle,brent,uk,europe,north sea northern,dno,oil,nearly depleted,jurassic,sandstone,offshore,offshore,0,0,0,0,0,1,0,0,0,0,0,0,0,0,0,0,0,0,0,0,0,0,0,1,0,0,0,0,0,7970,475.0,380.0,24.0,1200.0,1.0,1.0,0.0,0.0,0.0,0.0,0.0,0.0,0.0,0.0,offshore
halibut-cobia,latrobe (m1 unit),australia,far east,gippsland,exxonmobil /bhp billiton,oil,mature production,paleogene,sandstone,offshore,onshore-offshore,0,1,0,1,0,1,0,1,0,0,0,0,0,0,0,0,0,0,0,0,0,1,0,1,0,0,0,0,0,7175,505.0,120.0,20.0,1600.0,1.0,1.0,0.0,0.0,0.0,0.0,0.0,0.0,0.0,0.0,offshore
zakum,thamama zone iii,uae,middle east,rub al khali,adma /zadco,oil,plateau production,cretaceous,limestone,onshore-offshore,onshore-offshore,0,1,0,0,1,0,1,0,0,0,0,0,0,0,0,0,0,0,0,1,0,0,0,0,1,0,0,0,0,7085,537.0,110.0,23.0,15.0,1.0,1.0,0.0,1.0,0.0,0.0,0.0,0.0,0.0,0.0,offshore
pokachev,megion (bv8),russia,former soviet union,siberian western,surgutneftegas,oil,declining production,cretaceous,sandstone,onshore,onshore,0,1,0,0,0,0,0,0,0,0,0,0,0,0,0,0,0,0,0,0,1,0,0,0,0,0,0,0,0,7841,75.0,24.0,20.0,130.0,0.0,0.0,0.0,0.0,0.0,0.0,0.0,0.0,0.0,0.0,onshore
badr el din-1,bahariya,egypt,africa,abu gharadig,bapetco,oil,mature production,cretaceous,low-resistivity sandstone,onshore,onshore,0,0,0,0,0,1,0,0,0,0,0,0,0,0,0,0,0,0,0,0,0,0,0,1,0,0,0,0,0,11175,115.0,46.0,12.0,15.0,0.0,0.0,0.0,0.0,0.0,0.0,0.0,0.0,0.0,0.0,onshore
temsah,sidi salim,egypt,africa,nile delta,ieoc,gas-condensate,developing,neogene,sandstone,onshore-offshore,onshore-offshore,1,0,0,0,1,0,0,0,0,0,1,1,0,0,1,0,0,1,0,0,0,0,0,0,0,0,0,0,1,12390,328.0,131.0,24.5,390.0,1.0,1.0,0.0,0.0,0.0,0.0,0.0,0.0,0.0,0.0,offshore
bul hanine,arab d,qatar,middle east,rub al khali,qatar petroleum,oil,declining production,jurassic,limestone,onshore-offshore,onshore-offshore,0,1,0,0,1,0,1,0,0,0,0,0,0,0,0,0,0,0,0,1,0,0,0,0,1,0,0,0,0,7270,240.0,140.0,23.0,200.0,1.0,1.0,0.0,1.0,0.0,0.0,0.0,0.0,0.0,0.0,offshore
house creek,sussex,usa,north america,powder river,devon energy,oil,declining production,cretaceous,sandstone,onshore,onshore,0,1,0,0,0,0,0,0,0,0,0,0,0,0,0,0,0,0,0,1,0,0,0,0,0,0,0,0,0,7863,40.0,15.0,13.0,20.0,0.0,0.0,0.0,0.0,0.0,0.0,0.0,0.0,0.0,0.0,onshore
griffin,birdrong,australia,far east,carnarvon,bhp billiton,oil,developing,cretaceous,sandstone,offshore,onshore-offshore,0,1,0,0,0,1,0,1,0,0,0,0,0,0,0,0,0,0,0,0,0,0,0,1,0,0,0,0,0,8100,115.0,40.0,15.0,30.0,1.0,1.0,0.0,0.0,0.0,0.0,0.0,0.0,0.0,0.0,offshore
santhal,kalol,india,far east,cambay,ongc,oil,rejuvenating,paleogene,sandstone,onshore,onshore-offshore,0,1,0,0,0,1,0,1,0,0,0,0,0,0,0,0,0,0,0,0,0,0,0,1,0,0,0,0,0,2906,148.0,66.0,28.0,7500.0,0.0,0.0,0.0,0.0,0.0,0.0,0.0,0.0,0.0,0.0,onshore
luckey ditch,dakota sandstone (lower member),usa,north america,greater green river,whiting oil and gas,oil,mature production,cretaceous,sandstone,onshore,onshore,0,1,0,1,0,0,0,0,0,0,0,0,0,0,0,0,0,0,0,1,0,0,0,0,0,0,0,0,0,13250,250.0,23.0,14.0,60.0,0.0,0.0,0.0,0.0,0.0,0.0,0.0,0.0,0.0,0.0,onshore
midale,charles (midale beds),canada,north america,williston,apache,oil,second plateau prodution,carboniferous,dolomite,onshore,onshore,0,1,0,0,0,0,0,0,0,0,0,0,0,0,0,0,0,0,0,0,1,0,0,0,0,0,0,0,0,4400,64.0,32.0,20.0,3.5,0.0,0.0,0.0,0.0,0.0,0.0,0.0,0.0,0.0,0.0,onshore
bai hassan,main limestone,iraq,middle east,zagros,inoc,oil,rejuvenating,paleogene-neogene,limestone,onshore,onshore,0,1,0,0,1,0,0,0,0,0,0,0,0,0,0,0,0,0,0,1,0,0,0,0,0,0,0,0,0,2450,900.0,285.0,20.0,50.0,0.0,0.0,0.0,0.0,0.0,0.0,0.0,0.0,0.0,0.0,onshore
huanxiling,shahejie,china,far east,bohai,petrochina,oil,declining production,paleogene,sandstone,onshore-offshore,onshore-offshore,0,0,0,0,0,1,0,0,0,0,0,0,0,0,0,0,0,0,0,0,0,0,0,1,0,0,0,0,0,2310,525.0,127.0,25.0,1400.0,0.0,0.0,0.0,0.0,0.0,0.0,0.0,0.0,0.0,0.0,onshore
garrington,cardium (a sand),canada,north america,western canada,hudsons bay oil and gas,oil,nearly depleted,cretaceous,sandstone,onshore,onshore,0,1,0,0,0,0,0,0,0,0,0,0,0,0,0,0,0,0,0,1,0,0,0,0,0,0,0,0,0,5400,300.0,2.12,12.0,7.0,0.0,0.0,0.0,0.0,0.0,0.0,0.0,0.0,0.0,0.0,onshore
sanand,kalol (payzone k-iii),india,far east,cambay,ongc,oil,second plateau prodution,paleogene,sandstone,onshore,onshore-offshore,0,1,0,0,0,1,0,1,0,0,0,0,0,0,0,0,0,0,0,0,0,1,0,1,0,0,0,0,0,3939,410.0,20.0,28.0,1000.0,0.0,0.0,0.0,0.0,0.0,0.0,0.0,0.0,0.0,0.0,onshore
tin cup mesa,paradox (upper ismay),usa,north america,paradox,cochrane resources /pioneer,oil,nearly depleted,carboniferous,dolomite,onshore,onshore,0,1,0,0,1,1,0,0,0,0,0,0,0,0,0,0,0,0,0,0,1,0,0,0,0,0,0,0,0,5430,60.0,50.0,11.0,2.8,0.0,0.0,0.0,0.0,0.0,0.0,0.0,0.0,0.0,0.0,onshore
veslefrikk,brent,norway,europe,north sea northern,statoilhydro,oil,declining production,jurassic,sandstone,offshore,offshore,0,0,0,1,0,1,0,0,0,0,0,0,0,0,0,0,0,0,0,0,0,0,0,1,0,0,0,0,0,8447,427.0,279.0,18.0,800.0,1.0,1.0,0.0,0.0,0.0,0.0,0.0,0.0,0.0,0.0,offshore
scapa,valhall (scapa sandstone),uk,europe,north sea central,talisman,oil,nearly depleted,cretaceous,thinly-bedded sandstone,offshore,offshore,0,0,0,1,0,1,0,0,0,0,0,0,0,0,0,0,0,0,0,0,0,0,0,1,0,0,0,0,0,7523,400.0,98.0,20.0,250.0,1.0,1.0,0.0,0.0,0.0,0.0,0.0,0.0,0.0,0.0,offshore
tolon,nedzhelin-tagandzhin-monom,russia,former soviet union,siberian eastern,yakutgasprom,gas,undeveloped,triassic,sandstone,onshore,onshore,0,0,0,0,0,0,0,0,0,0,0,0,0,1,0,1,0,0,0,0,0,0,1,0,0,0,0,0,0,8200,1640.0,123.0,17.0,28.0,0.0,0.0,0.0,0.0,0.0,0.0,0.0,0.0,0.0,0.0,onshore
ninian,brent,uk,europe,north sea northern,cnr,oil,mature production,jurassic,sandstone,offshore,offshore,0,0,0,1,0,1,0,0,0,0,0,0,0,0,0,0,0,0,0,0,0,0,0,1,0,0,0,0,0,8480,300.0,200.0,20.0,500.0,1.0,1.0,0.0,0.0,0.0,0.0,0.0,0.0,0.0,0.0,offshore
countess,upper mannville (yy pool),canada,north america,western canada,encana,oil,declining production,cretaceous,sandstone,onshore,onshore,0,1,0,1,0,0,0,0,0,0,0,0,0,0,0,0,0,0,0,1,0,0,0,0,0,0,0,0,0,3347,62.5,18.0,26.0,2500.0,0.0,0.0,0.0,0.0,0.0,0.0,0.0,0.0,0.0,0.0,onshore
hatters pond,norphlet,usa,north america,gulf of mexico northern onshore,chevron,gas-condensate,declining production,jurassic,sandstone,onshore,onshore,0,0,1,0,1,1,1,0,0,0,0,0,1,0,0,0,0,0,0,0,0,0,1,0,1,0,0,0,0,18050,350.0,200.0,10.4,0.5,0.0,0.0,0.0,0.0,0.0,0.0,0.0,1.0,0.0,0.0,onshore
northeast cedardale,hunton (haragan),usa,north america,anadarko,louis dreyfus natural gas,gas,mature production,devonian,dolomite,onshore,onshore,0,1,0,1,0,0,0,0,0,0,0,0,0,0,0,0,0,0,0,1,0,0,0,0,0,0,0,0,0,8275,250.0,38.0,16.0,20.0,0.0,0.0,0.0,0.0,0.0,0.0,0.0,0.0,0.0,0.0,onshore
flounder,latrobe (t1.1 unit),australia,far east,gippsland,exxonmobil /bhp billiton,oil,declining production,cretaceous,sandstone,offshore,onshore-offshore,0,1,0,1,0,1,0,1,0,0,0,0,0,0,0,0,0,0,0,0,0,1,0,1,0,0,0,0,0,7677,138.0,125.0,20.0,1200.0,1.0,1.0,0.0,0.0,0.0,0.0,0.0,0.0,0.0,0.0,offshore
hawk point,upper minnelusa (b sand),usa,north america,powder river,nielson and associates inc,oil,nearly depleted,permian,sandstone,onshore,onshore,0,1,0,0,0,0,0,0,0,0,0,0,0,0,0,0,0,0,0,1,0,0,0,0,0,0,0,0,0,11290,140.0,30.0,13.0,30.0,0.0,0.0,0.0,0.0,0.0,0.0,0.0,0.0,0.0,0.0,onshore
cabin creek,red river,usa,north america,williston,shell,oil,nearly depleted,ordovician,dolomite,onshore,onshore,0,1,0,0,0,0,0,0,0,0,0,0,0,0,0,0,0,0,0,0,1,0,0,0,0,0,0,0,0,8750,500.0,40.0,13.0,8.0,0.0,0.0,0.0,0.0,0.0,0.0,0.0,0.0,0.0,0.0,onshore
kelamayi,kelamayi,china,far east,junggar (zhungeer),petrochina,oil,declining production,triassic,conglomerate,onshore,onshore,0,1,0,1,0,0,0,0,0,0,0,0,0,0,0,0,0,0,0,0,0,0,0,0,0,0,0,1,0,6100,750.0,43.0,18.0,279.0,0.0,0.0,0.0,0.0,0.0,0.0,0.0,0.0,0.0,0.0,onshore
milk river gas pool,milk river,canada,north america,williston,numerous,gas,unknown,cretaceous,siltstone,onshore,onshore,0,1,0,0,0,0,0,0,0,0,0,0,0,0,0,0,0,0,0,0,1,0,0,0,0,0,0,0,0,984,250.0,20.0,14.0,1.0,0.0,0.0,0.0,0.0,0.0,0.0,0.0,0.0,0.0,0.0,onshore
brage,fensfjord,norway,europe,north sea northern,statoilhydro,oil,declining production,jurassic,sandstone,offshore,offshore,0,0,0,1,0,1,0,0,0,0,0,0,0,0,0,0,0,0,0,0,0,0,0,1,0,0,0,0,0,6348,123.0,82.0,27.0,80.0,1.0,1.0,0.0,0.0,0.0,0.0,0.0,0.0,0.0,0.0,offshore
katy,yegua,usa,north america,gulf of mexico northern onshore,exxonmobil and others,gas-condensate,nearly depleted,paleogene,sandstone,onshore,onshore,0,0,0,0,1,1,1,0,0,0,0,0,0,0,0,0,0,1,0,0,0,0,1,0,1,0,0,0,0,6270,1350.0,335.0,28.0,275.0,0.0,0.0,0.0,0.0,0.0,0.0,0.0,1.0,0.0,0.0,onshore
zakum,thamama zone iv,uae,middle east,rub al khali,adma /zadco,oil,plateau production,cretaceous,limestone,onshore-offshore,onshore-offshore,0,1,0,0,1,0,1,0,0,0,0,0,0,0,0,0,0,0,0,1,0,0,0,0,1,0,0,0,0,7850,147.0,90.0,25.0,60.0,1.0,1.0,0.0,1.0,0.0,0.0,0.0,0.0,0.0,0.0,offshore
talin,tyumen (juk10-juk11),russia,former soviet union,siberian western,tnk-bp,oil,declining production,jurassic,sandstone,onshore,onshore,0,1,0,0,0,0,0,0,0,0,0,0,0,0,0,0,0,0,0,0,1,0,0,0,0,0,0,0,0,8399,110.0,66.0,15.0,160.0,0.0,0.0,0.0,0.0,0.0,0.0,0.0,0.0,0.0,0.0,onshore
chaunoy,chaunoy,france,europe,paris,essorep,oil,nearly depleted,triassic,sandstone,onshore,onshore,0,0,0,0,0,1,0,0,0,0,0,0,0,0,0,0,0,0,0,0,1,0,0,0,0,0,0,0,0,7356,217.0,82.0,13.0,130.0,0.0,0.0,0.0,0.0,0.0,0.0,0.0,0.0,0.0,0.0,onshore
cymric,tulare,usa,north america,san joaquin,chevron /pxp,oil,declining production,neogene,sandstone,onshore,onshore,1,1,0,0,0,0,0,0,0,0,0,1,0,1,0,0,0,0,0,0,0,0,0,0,0,0,0,0,1,1000,600.0,200.0,35.0,3000.0,0.0,0.0,0.0,0.0,0.0,0.0,0.0,0.0,0.0,0.0,onshore
yanling,wumishan,china,far east,bohai,petrochina,oil,nearly depleted,proterozoic,dolomite,onshore-offshore,onshore-offshore,0,0,0,0,0,1,0,0,0,0,0,0,0,0,0,0,0,0,0,0,0,0,0,1,0,0,0,0,0,9327,1306.0,177.0,1.3,1.2,0.0,0.0,0.0,0.0,0.0,0.0,0.0,0.0,0.0,0.0,onshore
jumping pound west,turner valley,canada,north america,western canada,shell /encana,gas,declining production,carboniferous,dolomite,onshore,onshore,0,1,0,0,0,0,0,0,0,0,1,0,0,0,0,0,0,0,0,1,0,0,0,0,0,0,1,0,0,9870,800.0,118.0,6.3,3.15,0.0,0.0,0.0,0.0,0.0,0.0,0.0,0.0,0.0,0.0,onshore
bu hasa,shuaiba,uae,middle east,rub al khali,adco,oil,second plateau prodution,cretaceous,limestone,onshore-offshore,onshore-offshore,0,1,0,0,1,1,0,0,1,0,0,0,0,0,0,0,0,0,0,1,0,0,0,0,1,0,0,0,0,7650,420.0,290.0,23.0,20.0,0.0,0.0,0.0,0.0,0.0,0.0,0.0,0.0,0.0,0.0,onshore
samarang,stages ivc-ivf,malaysia,far east,sabah,petronas,oil,declining production,neogene,sandstone,offshore,offshore,0,0,0,0,0,1,1,0,0,0,1,0,1,0,0,0,0,1,0,1,0,0,0,0,0,0,0,0,0,1180,6739.0,500.0,23.0,250.0,1.0,1.0,1.0,0.0,0.0,0.0,0.0,0.0,0.0,0.0,offshore
marlim,carapebus,brazil,latin america,campos,petrobras,oil,plateau production,paleogene-neogene,sandstone,offshore,onshore-offshore,0,0,0,0,1,1,1,0,0,0,0,0,0,0,0,0,0,0,0,0,0,0,1,0,1,0,0,0,0,5543,150.0,150.0,28.5,2000.0,1.0,1.0,0.0,0.0,0.0,0.0,0.0,0.0,0.0,0.0,offshore
zaoyuan,unnamed (fenghuadian block),china,far east,bohai,petrochina,oil,mature production,mesozoic,volcanics,onshore-offshore,onshore-offshore,0,0,0,0,0,1,0,0,0,0,0,0,0,0,0,0,0,0,0,0,0,0,0,1,0,0,0,0,0,9843,492.0,194.0,12.7,3.59,0.0,0.0,0.0,0.0,0.0,0.0,0.0,0.0,0.0,0.0,onshore
white rose,avalon (south pool),canada,north america,jeanne d arc,husky energy,oil,developing,cretaceous,sandstone,offshore,offshore,0,0,0,1,1,1,1,0,0,0,0,0,0,0,0,0,0,0,0,0,0,0,0,1,1,0,0,0,0,8842,984.0,328.0,15.0,127.0,1.0,1.0,0.0,0.0,0.0,0.0,0.0,0.0,0.0,0.0,offshore
berri,hanifa,saudi arabia,middle east,the gulf,saudi aramco,oil,declining production,jurassic,limestone,onshore-offshore,onshore-offshore,0,1,0,0,1,0,0,0,0,0,0,0,0,0,0,0,0,0,0,1,0,0,0,0,0,0,0,0,0,7500,270.0,190.0,17.0,50.0,1.0,1.0,0.0,1.0,0.0,0.0,0.0,0.0,0.0,0.0,offshore
ramadan,nubia c,egypt,africa,gulf of suez,gupco,oil,mature production,paleozoic,sandstone,offshore,onshore-offshore,0,0,0,0,1,1,0,1,0,0,0,0,0,0,0,0,0,0,0,0,0,0,0,1,0,1,0,0,0,10700,1300.0,750.0,15.0,100.0,1.0,1.0,0.0,0.0,0.0,0.0,0.0,0.0,0.0,0.0,offshore
baronia,rr2/rs2,malaysia,far east,sabah,petronas,oil,declining production,neogene,sandstone,offshore,offshore,0,0,0,0,0,1,1,0,0,0,1,0,1,0,0,0,0,1,0,0,0,0,0,0,0,0,0,0,1,6615,375.0,175.0,20.0,185.0,1.0,1.0,1.0,0.0,0.0,0.0,0.0,0.0,0.0,0.0,offshore
statfjord,brent,uk /norway,europe,north sea northern,statoilhydro,oil,declining production,jurassic,sandstone,offshore,offshore,0,0,0,1,0,1,0,0,0,0,0,0,0,0,0,0,0,0,0,0,0,0,0,1,0,0,0,0,0,7267,700.0,490.0,27.0,2500.0,1.0,1.0,0.0,0.0,0.0,0.0,0.0,0.0,0.0,0.0,offshore
mabee,san andres,usa,north america,permian,chevron,oil,mature production,permian,dolomite,onshore,onshore,0,1,0,0,0,0,0,0,0,0,0,0,0,0,0,0,0,0,0,1,0,0,0,0,0,0,0,0,0,4680,400.0,50.0,10.5,8.0,0.0,0.0,0.0,0.0,0.0,0.0,0.0,0.0,0.0,0.0,onshore
badri,belayim,egypt,africa,gulf of suez,gupco,oil,plateau production,neogene,sandstone,offshore,onshore-offshore,0,0,0,0,1,1,0,0,0,0,0,0,0,0,0,0,0,0,0,0,0,0,0,1,0,1,0,0,0,5025,285.0,117.0,24.0,300.0,1.0,1.0,0.0,0.0,0.0,0.0,0.0,0.0,0.0,0.0,offshore
bunyu,tarakan-santul-tabul-bunyu,indonesia,far east,tarakan,pertamina,gas,nearly depleted,neogene,thinly-bedded sandstone,onshore,onshore-offshore,0,1,0,0,0,1,0,1,0,0,1,0,0,0,0,0,1,0,0,0,0,1,0,0,0,0,0,0,0,1115,8200.0,390.0,25.0,1000.0,1.0,1.0,1.0,0.0,0.0,0.0,0.0,0.0,0.0,0.0,onshore
yakin,balikpapan (yakin),unknown,unknown,kutai,chevron,oil,declining production,neogene,sandstone,offshore,onshore-offshore,0,1,0,0,0,1,0,1,0,0,1,0,0,0,0,0,1,0,0,0,0,1,0,0,0,0,0,0,0,490,4800.0,400.0,25.0,500.0,1.0,1.0,1.0,0.0,1.0,0.0,0.0,0.0,0.0,0.0,offshore
odoptu-more,lower nutovo (xii-xx iv),russia,former soviet union,north sakhalin,exxonmobil /smng,oil,developing,neogene,sandstone,offshore,offshore,1,0,0,0,0,0,0,0,0,0,0,1,0,1,0,0,0,0,0,0,0,1,0,0,0,0,0,0,1,3520,2460.0,220.0,20.0,45.0,1.0,1.0,0.0,0.0,0.0,0.0,0.0,0.0,0.0,0.0,offshore
el dorado,admire 650 sand,usa,north america,cherokee,occidental,oil,abandoned,permian,sandstone,onshore,onshore,0,1,0,1,0,1,0,1,0,0,0,0,0,0,0,0,0,0,0,1,0,0,0,0,0,0,0,0,0,500,40.0,18.0,28.0,240.0,0.0,0.0,0.0,0.0,0.0,0.0,0.0,0.0,0.0,0.0,onshore
westhope south,spearfish,usa,north america,williston,amerada hess,oil,mature production,triassic,sandstone,onshore,onshore,0,1,0,0,0,0,0,0,0,0,0,0,0,0,0,0,0,0,0,0,1,0,0,0,0,0,0,0,0,3275,43.0,15.5,14.0,13.5,0.0,0.0,0.0,0.0,0.0,0.0,0.0,0.0,0.0,0.0,onshore
emma,san andres,usa,north america,permian,exxonmobil,oil,nearly depleted,permian,dolomite,onshore,onshore,0,1,0,0,0,0,0,0,0,0,0,0,0,0,0,0,0,0,0,1,0,0,0,0,0,0,0,0,0,4185,350.0,40.0,8.0,3.0,0.0,0.0,0.0,0.0,0.0,0.0,0.0,0.0,0.0,0.0,onshore
hides,imburu-toro,papua new guinea,far east,papuan ftb,oil search ltd,gas-condensate,continuing development,jurassic-cretaceous,sandstone,onshore,onshore-offshore,0,1,0,0,0,0,0,0,0,0,0,0,0,0,0,0,0,0,0,0,0,0,0,0,0,0,0,1,0,9905,490.0,240.0,10.0,100.0,0.0,0.0,1.0,0.0,0.0,0.0,0.0,0.0,0.0,0.0,onshore
drake point,drake point-intrepid inlet,canada,north america,sverdrup,panarctic oils,gas,undeveloped,jurassic,sandstone,onshore,onshore,0,1,0,0,1,1,0,0,1,0,0,0,0,0,0,0,0,0,0,1,0,0,0,0,0,0,0,0,0,3390,100.0,71.0,20.0,566.0,0.0,0.0,1.0,0.0,0.0,0.0,0.0,0.0,0.0,0.0,onshore
altamont-bluebell,green river and colton/wasatch,usa,north america,uinta,numerous,oil,mature production,paleogene,sandstone,onshore,onshore,0,1,0,0,0,0,0,0,0,0,0,0,0,0,0,0,0,0,0,1,0,0,0,0,0,0,0,0,0,15250,8000.0,575.0,5.0,0.1,0.0,0.0,0.0,0.0,0.0,0.0,0.0,0.0,0.0,0.0,onshore
bell creek,muddy,usa,north america,powder river,samuel gary,oil,nearly depleted,cretaceous,sandstone,onshore,onshore,0,1,0,0,0,0,0,0,0,0,0,0,0,0,0,0,0,0,0,1,0,0,0,0,0,0,0,0,0,4300,45.0,23.0,28.5,2250.0,0.0,0.0,0.0,0.0,0.0,0.0,0.0,0.0,0.0,0.0,onshore
well draw,mesaverde (teapot sand),usa,north america,powder river,matrix production and others,oil,mature production,cretaceous,sandstone,onshore,onshore,0,1,0,0,0,0,0,0,0,0,0,0,0,0,0,0,0,0,0,1,0,0,0,0,0,0,0,0,0,6367,110.0,17.0,14.0,4.3,0.0,0.0,0.0,0.0,0.0,0.0,0.0,0.0,0.0,0.0,onshore
